"2014-10-14 08:56:38.084472","73-1707_2014","Assigned to analyst"
"2014-10-15 09:27:23.706830","70-5630_2014","Assigned to analyst"
"2014-10-17 04:40:26.155934","70-5630_2014","Response"
"2014-10-18 11:50:30.576494","73-1707_2014","Response"
"2014-10-18 14:36:37.299088","70-5630_2014","Response"
"2014-10-19 09:10:33.525464","70-5630_2014","Response"
"2014-10-20 22:09:11.300205","70-5630_2014","Response"
"2014-10-22 09:04:36.517814","70-5630_2014","Response"
"2014-10-22 13:00:50.427597","73-1707_2014","Response"
"2014-10-23 01:06:55.788671","70-5630_2014","Response"
"2014-10-23 01:27:44.020169","70-5630_2014","Response"
"2014-10-23 09:14:22.374562","70-5630_2014","Response"
"2014-10-25 11:19:30.522258","81-22_2014","Assigned to analyst"
"2014-10-25 17:56:53.419651","73-1707_2014","Response"
"2014-10-25 18:47:26.447860","81-22_2014","Response"
"2014-10-26 20:27:27.693771","81-22_2014","Response"
"2014-10-26 22:30:35.996446","73-1707_2014","Response"
"2014-10-27 19:29:08.318718","73-1707_2014","Response"
"2014-10-28 23:52:40.021468","5-6213_2014","Assigned to analyst"
"2014-10-29 01:34:23.841171","81-22_2014","Response"
"2014-10-29 04:09:55.904415","73-1707_2014","Response"
"2014-10-29 08:05:11.799606","81-22_2014","Response"
"2014-10-30 08:21:58.774391","5-6213_2014","Response"
"2014-10-30 08:36:42.277859","5-6213_2014","Response"
"2014-10-30 21:41:02.794942","93-4814_2014","Assigned to analyst"
"2014-10-31 04:54:04.408976","93-4814_2014","Response"
"2014-10-31 05:43:53.782665","93-4814_2014","Response"
"2014-10-31 05:50:47.847838","93-4814_2014","Response"
"2014-10-31 08:09:52.261388","93-4814_2014","Response"
"2014-10-31 09:36:08.815571","93-4814_2014","Response"
"2014-10-31 14:25:49.109612","5-6213_2014","Response"
"2014-10-31 19:22:44.682919","81-22_2014","Close"
"2014-11-01 09:57:46.924565","5-6213_2014","Response"
"2014-11-01 14:11:14.830443","5-6213_2014","Response"
"2014-11-04 02:44:35.841352","5-6213_2014","Response"
"2014-11-05 00:08:07.300983","5-6213_2014","Response"
"2014-11-05 15:26:15.559570","52-9007_2014","Assigned to analyst"
"2014-11-05 23:18:58.852633","5-6213_2014","Response"
"2014-11-06 15:09:04.225021","52-9007_2014","Response"
"2014-11-07 03:47:53.201000","52-9007_2014","Response"
"2014-11-08 04:52:51.110781","52-9007_2014","Response"
"2014-11-08 14:29:57.481472","52-9007_2014","Response"
"2014-11-09 04:17:49.682651","93-4814_2014","Close"
"2014-11-09 17:37:17.977029","46-6229_2014","Assigned to analyst"
"2014-11-10 03:42:41.317555","68-7288_2014","Assigned to analyst"
"2014-11-11 12:01:32.404530","46-6229_2014","Response"
"2014-11-12 00:57:03.117863","99-9704_2014","Assigned to analyst"
"2014-11-12 12:31:26.555984","68-7288_2014","Response"
"2014-11-12 18:00:41.711956","46-6229_2014","Response"
"2014-11-13 14:40:08.793110","99-9704_2014","Response"
"2014-11-13 23:53:46.468800","99-9704_2014","Response"
"2014-11-14 00:17:17.146088","46-6229_2014","Response"
"2014-11-14 06:58:06.772169","99-9704_2014","Response"
"2014-11-14 11:05:57.167986","46-6229_2014","Response"
"2014-11-14 14:31:40.992748","49-1581_2014","Assigned to analyst"
"2014-11-14 23:22:57.507932","68-7288_2014","Response"
"2014-11-15 03:14:05.866215","68-7288_2014","Response"
"2014-11-15 04:29:20.385883","72-2752_2014","Assigned to analyst"
"2014-11-15 05:33:20.879289","99-9704_2014","Response"
"2014-11-15 18:33:46.246008","72-2752_2014","Response"
"2014-11-16 01:21:20.005509","99-9704_2014","Response"
"2014-11-16 16:48:32.504792","46-6229_2014","Response"
"2014-11-16 19:57:25.023748","99-9704_2014","Response"
"2014-11-16 21:29:16.163775","49-1581_2014","Response"
"2014-11-17 22:38:01.835319","95-3403_2014","Assigned to analyst"
"2014-11-18 01:49:25.797932","49-1581_2014","Response"
"2014-11-18 05:56:10.641635","70-5630_2014","Close"
"2014-11-18 08:48:57.681213","99-9704_2014","Response"
"2014-11-18 10:06:28.429234","95-3403_2014","Response"
"2014-11-18 19:28:34.257926","59-7876_2014","Assigned to analyst"
"2014-11-19 01:22:34.601120","99-9704_2014","Response"
"2014-11-19 06:40:14.447149","46-6229_2014","Response"
"2014-11-19 10:52:08.968845","99-9704_2014","Response"
"2014-11-19 14:30:27.024022","68-7288_2014","Response"
"2014-11-19 14:40:29.453421","46-6229_2014","Response"
"2014-11-19 17:45:04.223332","68-7288_2014","Response"
"2014-11-19 20:13:11.024334","99-9704_2014","Response"
"2014-11-20 01:13:45.222887","49-1581_2014","Response"
"2014-11-20 01:50:04.720060","95-3403_2014","Response"
"2014-11-20 12:24:29.311582","95-3403_2014","Response"
"2014-11-20 13:04:46.050465","72-2752_2014","Response"
"2014-11-21 05:41:16.582521","68-7288_2014","Response"
"2014-11-21 15:44:55.638808","52-9007_2014","Close"
"2014-11-22 00:52:45.703264","46-6229_2014","Response"
"2014-11-22 05:56:23.778697","95-3403_2014","Response"
"2014-11-22 05:58:56.925179","68-7288_2014","Response"
"2014-11-22 18:08:38.373152","59-7876_2014","Response"
"2014-11-22 21:23:42.638775","95-3403_2014","Response"
"2014-11-23 21:01:36.400052","25-9260_2014","Assigned to analyst"
"2014-11-23 23:04:50.525537","68-7288_2014","Response"
"2014-11-24 16:16:10.975153","59-7876_2014","Response"
"2014-11-25 02:27:09.479848","72-2752_2014","Response"
"2014-11-25 05:50:57.078721","25-9260_2014","Response"
"2014-11-25 16:56:49.017437","59-7876_2014","Response"
"2014-11-25 23:03:52.615901","25-9260_2014","Response"
"2014-11-26 08:58:49.823228","41-3041_2014","Assigned to analyst"
"2014-11-26 13:32:07.374045","41-3041_2014","Response"
"2014-11-26 17:55:17.584968","41-3041_2014","Response"
"2014-11-27 01:32:15.933325","73-1707_2014","Close"
"2014-11-27 08:40:24.662125","41-3041_2014","Close"
"2014-11-28 00:42:25.217064","72-2752_2014","Response"
"2014-11-28 12:48:13.923812","59-7876_2014","Response"
"2014-11-28 22:20:26.189948","25-9260_2014","Response"
"2014-11-29 03:11:54.088064","5-6213_2014","Close"
"2014-11-30 02:51:58.964778","25-9260_2014","Response"
"2014-12-01 06:26:16.211505","59-7876_2014","Response"
"2014-12-01 16:17:14.406407","25-9260_2014","Response"
"2014-12-01 18:37:13.317601","2-3094_2014","Assigned to analyst"
"2014-12-02 01:42:40.932654","24-2837_2014","Assigned to analyst"
"2014-12-02 08:41:59.313729","25-9260_2014","Response"
"2014-12-02 20:06:26.697070","2-3094_2014","Response"
"2014-12-03 19:23:42.321063","25-9260_2014","Response"
"2014-12-03 19:29:11.398336","25-9260_2014","Response"
"2014-12-04 01:43:16.797459","25-9260_2014","Response"
"2014-12-04 17:11:14.778750","24-2837_2014","Response"
"2014-12-04 19:14:08.532221","99-9704_2014","Close"
"2014-12-04 20:38:49.069840","24-2837_2014","Response"
"2014-12-05 01:53:59.996597","2-3094_2014","Response"
"2014-12-05 06:15:30.265446","59-7876_2014","Response"
"2014-12-06 11:17:58.853633","49-1581_2014","Close"
"2014-12-06 18:35:05.628109","25-9260_2014","Close"
"2014-12-08 04:42:52.704219","46-6229_2014","Close"
"2014-12-09 10:39:27.491781","2-3094_2014","Response"
"2014-12-09 18:51:30.819207","37-7463_2014","Assigned to analyst"
"2014-12-09 20:18:19.599967","24-2837_2014","Response"
"2014-12-10 17:35:48.178627","2-3094_2014","Response"
"2014-12-10 18:46:21.804289","72-2752_2014","Close"
"2014-12-10 19:13:36.280443","21-250_2014","Assigned to analyst"
"2014-12-10 21:50:54.830925","37-7463_2014","Response"
"2014-12-10 22:15:24.741652","21-250_2014","Response"
"2014-12-10 22:35:22.211371","21-250_2014","Response"
"2014-12-11 00:12:43.006221","21-250_2014","Response"
"2014-12-11 00:45:45.395633","21-250_2014","Response"
"2014-12-11 01:13:25.920129","21-250_2014","Response"
"2014-12-11 03:03:04.332307","21-250_2014","Response"
"2014-12-11 04:43:13.287652","21-250_2014","Response"
"2014-12-12 21:58:24.347748","37-7463_2014","Response"
"2014-12-12 23:10:54.961612","2-3094_2014","Response"
"2014-12-13 18:12:42.986644","62-3441_2014","Assigned to analyst"
"2014-12-14 00:08:33.591409","37-7463_2014","Response"
"2014-12-14 06:53:14.161281","62-3441_2014","Response"
"2014-12-14 09:03:41.116682","21-250_2014","Close"
"2014-12-14 17:11:16.888894","2-3094_2014","Response"
"2014-12-14 17:54:30.931800","37-7463_2014","Response"
"2014-12-15 09:38:56.528727","24-2837_2014","Response"
"2014-12-16 03:53:09.164587","62-3441_2014","Response"
"2014-12-16 08:58:56.592691","2-3094_2014","Response"
"2014-12-16 11:53:50.673296","2-3094_2014","Response"
"2014-12-16 12:43:21.168741","2-3094_2014","Response"
"2014-12-17 18:18:18.524431","10-1852_2014","Assigned to analyst"
"2014-12-17 23:42:15.251163","10-1852_2014","Response"
"2014-12-18 04:04:58.222390","10-1852_2014","Response"
"2014-12-18 06:06:27.255833","24-2837_2014","Response"
"2014-12-18 07:49:51.856289","10-1852_2014","Response"
"2014-12-18 09:06:59.978077","10-1852_2014","Response"
"2014-12-18 11:33:20.515140","10-1852_2014","Response"
"2014-12-19 00:56:43.270277","62-3441_2014","Response"
"2014-12-19 15:58:31.711334","62-3441_2014","Response"
"2014-12-20 00:32:43.570462","10-1852_2014","Close"
"2014-12-20 18:43:45.019924","32-188_2014","Assigned to analyst"
"2014-12-20 20:22:55.352428","32-188_2014","Response"
"2014-12-20 21:04:16.279649","24-2837_2014","Response"
"2014-12-21 00:19:21.106206","24-2837_2014","Response"
"2014-12-22 01:35:29.189574","18-7271_2014","Assigned to analyst"
"2014-12-22 02:52:04.837935","24-2837_2014","Response"
"2014-12-22 08:45:53.396881","24-2837_2014","Response"
"2014-12-22 13:35:51.966867","18-7271_2014","Response"
"2014-12-22 14:49:08.839783","18-7271_2014","Response"
"2014-12-22 18:33:06.188727","32-188_2014","Close"
"2014-12-22 19:25:24.818141","59-7876_2014","Close"
"2014-12-23 05:50:49.048941","37-7463_2014","Close"
"2014-12-23 11:34:35.831093","18-7271_2014","Close"
"2014-12-24 16:19:18.299387","54-4730_2014","Assigned to analyst"
"2014-12-26 16:33:59.516721","62-3441_2014","Close"
"2014-12-27 05:48:39.296908","54-4730_2014","Response"
"2014-12-29 19:11:57.666701","24-2837_2014","Close"
"2014-12-29 23:52:22.414527","45-4280_2014","Assigned to analyst"
"2014-12-30 13:22:40.279788","54-4730_2014","Response"
"2014-12-31 16:28:16.150258","45-4280_2014","Response"
"2015-01-01 22:14:09.248864","45-4280_2014","Response"
"2015-01-02 13:40:09.952829","54-4730_2014","Response"
"2015-01-03 18:09:53.588195","45-4280_2014","Response"
"2015-01-04 00:46:59.887335","45-4280_2014","Response"
"2015-01-05 10:43:49.763509","54-4730_2014","Response"
"2015-01-05 23:02:30.721247","54-4730_2014","Response"
"2015-01-06 10:51:59.540108","54-4730_2014","Response"
"2015-01-09 02:02:38.837322","54-4730_2014","Response"
"2015-01-09 16:12:16.076521","54-4730_2014","Response"
"2015-01-10 04:39:18.272490","49-4601_2015","Assigned to analyst"
"2015-01-10 08:13:00.402188","49-4601_2015","Response"
"2015-01-10 12:08:40.940660","49-4601_2015","Response"
"2015-01-10 18:00:43.366005","49-4601_2015","Response"
"2015-01-10 19:02:27.197412","49-4601_2015","Response"
"2015-01-10 22:05:35.303937","49-4601_2015","Response"
"2015-01-11 01:34:40.482530","49-4601_2015","Response"
"2015-01-11 07:53:49.001009","49-4601_2015","Response"
"2015-01-11 11:25:35.013930","49-4601_2015","Response"
"2015-01-13 00:00:11.981746","45-4280_2014","Close"
"2015-01-13 08:29:56.565708","54-4730_2014","Response"
"2015-01-14 04:00:40.043771","54-1580_2015","Assigned to analyst"
"2015-01-15 00:48:31.069121","54-1580_2015","Response"
"2015-01-16 14:16:47.357798","54-4730_2014","Response"
"2015-01-17 02:38:32.917514","54-1580_2015","Response"
"2015-01-17 05:27:02.005000","2-3094_2014","Close"
"2015-01-17 08:44:07.226452","49-4601_2015","Close"
"2015-01-17 21:08:12.474972","1-6887_2015","Assigned to analyst"
"2015-01-18 17:32:05.025066","1-6887_2015","Response"
"2015-01-19 06:52:08.871856","1-6887_2015","Response"
"2015-01-19 11:24:10.479944","1-6887_2015","Response"
"2015-01-21 15:23:55.188095","94-5860_2015","Assigned to analyst"
"2015-01-21 16:30:20.359342","94-5860_2015","Response"
"2015-01-21 17:19:46.834769","94-5860_2015","Response"
"2015-01-22 22:12:25.875663","22-8937_2015","Assigned to analyst"
"2015-01-23 00:58:46.637421","22-8937_2015","Response"
"2015-01-23 01:37:25.356435","22-8937_2015","Response"
"2015-01-23 04:14:22.393150","22-8937_2015","Response"
"2015-01-23 09:50:12.792415","54-1580_2015","Close"
"2015-01-26 03:59:02.315130","21-259_2015","Assigned to analyst"
"2015-01-27 13:07:54.520224","22-8937_2015","Close"
"2015-01-28 07:56:23.623524","94-5860_2015","Close"
"2015-01-30 13:52:37.628685","21-259_2015","Response"
"2015-02-04 21:55:10.421440","81-6473_2015","Assigned to analyst"
"2015-02-05 23:42:47.804320","68-7288_2014","Close"
"2015-02-06 06:52:55.395157","81-6473_2015","Response"
"2015-02-07 21:24:25.815348","81-6473_2015","Response"
"2015-02-08 04:58:12.868910","21-259_2015","Close"
"2015-02-08 21:58:08.839631","37-4283_2015","Assigned to analyst"
"2015-02-09 01:41:41.440917","37-4283_2015","Response"
"2015-02-09 04:47:41.907892","37-4283_2015","Response"
"2015-02-09 09:56:01.958071","37-4283_2015","Response"
"2015-02-09 14:21:49.149526","37-4283_2015","Response"
"2015-02-09 19:14:53.433756","37-4283_2015","Response"
"2015-02-09 19:34:11.016942","37-4283_2015","Response"
"2015-02-09 20:00:43.883579","37-4283_2015","Response"
"2015-02-09 20:40:19.525555","37-4283_2015","Response"
"2015-02-09 21:13:00.186021","37-4283_2015","Response"
"2015-02-09 23:50:38.687811","37-4283_2015","Response"
"2015-02-10 05:36:07.338354","37-4283_2015","Response"
"2015-02-12 22:31:31.308668","32-2148_2015","Assigned to analyst"
"2015-02-13 14:25:40.527112","32-2148_2015","Response"
"2015-02-13 19:20:42.919753","32-2148_2015","Response"
"2015-02-13 20:41:16.545792","1-6887_2015","Close"
"2015-02-17 20:25:18.894164","10-2435_2015","Assigned to analyst"
"2015-02-18 01:04:15.421417","81-6473_2015","Close"
"2015-02-18 19:31:47.069145","20-7781_2015","Assigned to analyst"
"2015-02-19 03:04:16.745248","10-2435_2015","Response"
"2015-02-20 02:09:38.597938","20-7781_2015","Response"
"2015-02-20 11:07:17.151463","95-3403_2014","Close"
"2015-02-20 21:12:43.580638","37-4283_2015","Close"
"2015-02-20 22:29:13.958596","20-7781_2015","Response"
"2015-02-21 03:26:31.312484","10-2435_2015","Response"
"2015-02-21 07:35:13.204078","54-4730_2014","Close"
"2015-02-21 10:24:13.174159","20-7781_2015","Response"
"2015-02-22 18:14:51.980338","5-2609_2015","Assigned to analyst"
"2015-02-22 21:38:02.273079","5-2609_2015","Response"
"2015-02-23 00:18:51.822966","5-2609_2015","Response"
"2015-02-23 00:51:37.086214","5-2609_2015","Response"
"2015-02-23 05:06:56.870717","5-2609_2015","Response"
"2015-02-23 06:48:17.205917","65-7885_2015","Assigned to analyst"
"2015-02-23 10:26:29.996415","5-2609_2015","Response"
"2015-02-23 11:09:58.709096","5-2609_2015","Response"
"2015-02-23 12:50:39.951265","5-2609_2015","Response"
"2015-02-23 17:01:58.149976","5-2609_2015","Response"
"2015-02-23 19:54:09.656055","5-2609_2015","Response"
"2015-02-24 04:01:33.220770","65-7885_2015","Response"
"2015-02-25 03:24:43.673791","5-2609_2015","Close"
"2015-02-25 03:55:10.629696","65-7885_2015","Response"
"2015-02-25 05:07:08.528246","10-2435_2015","Response"
"2015-02-25 09:41:29.733627","65-7885_2015","Response"
"2015-02-26 05:34:31.962176","65-7885_2015","Response"
"2015-02-26 08:40:59.895089","10-2435_2015","Response"
"2015-02-26 10:30:03.702221","65-7885_2015","Response"
"2015-02-26 18:18:18.495562","65-7885_2015","Response"
"2015-02-27 04:14:42.662695","10-2435_2015","Response"
"2015-02-27 09:13:08.263403","65-7885_2015","Response"
"2015-02-28 12:12:00.852483","65-7885_2015","Response"
"2015-02-28 18:30:15.651526","14-1785_2015","Assigned to analyst"
"2015-02-28 22:35:06.469531","76-4371_2015","Assigned to analyst"
"2015-03-01 00:12:07.970541","65-7885_2015","Response"
"2015-03-01 16:11:54.272877","65-7885_2015","Response"
"2015-03-02 00:17:57.401769","86-6716_2015","Assigned to analyst"
"2015-03-02 03:45:00.057927","14-1785_2015","Response"
"2015-03-02 04:23:59.895377","76-4371_2015","Response"
"2015-03-02 11:43:06.736926","76-4371_2015","Response"
"2015-03-02 17:19:59.746410","76-4371_2015","Response"
"2015-03-02 22:54:11.627320","65-7885_2015","Response"
"2015-03-03 02:57:21.382335","76-4371_2015","Response"
"2015-03-03 05:59:38.763771","86-6716_2015","Response"
"2015-03-03 10:40:18.549362","32-2148_2015","Close"
"2015-03-04 02:01:12.041658","76-4371_2015","Response"
"2015-03-05 00:38:18.756629","76-4371_2015","Response"
"2015-03-05 15:49:19.326182","76-4371_2015","Response"
"2015-03-07 21:26:11.505099","86-6716_2015","Response"
"2015-03-08 19:00:56.555610","33-9720_2015","Assigned to analyst"
"2015-03-08 20:46:38.347945","33-9720_2015","Response"
"2015-03-08 23:36:04.399132","33-9720_2015","Response"
"2015-03-09 02:04:26.230543","33-9720_2015","Response"
"2015-03-09 10:00:11.942527","33-9720_2015","Response"
"2015-03-09 10:42:34.563832","33-9720_2015","Response"
"2015-03-09 15:59:15.041857","33-9720_2015","Response"
"2015-03-09 21:16:22.717324","33-9720_2015","Response"
"2015-03-10 01:20:41.901465","86-6716_2015","Response"
"2015-03-10 01:22:05.358476","33-9720_2015","Response"
"2015-03-10 03:10:34.536374","18-2268_2015","Assigned to analyst"
"2015-03-10 03:14:31.216387","61-8944_2015","Assigned to analyst"
"2015-03-10 06:27:57.621886","61-8944_2015","Response"
"2015-03-10 07:46:11.496433","33-9720_2015","Response"
"2015-03-10 07:46:44.896707","61-8944_2015","Response"
"2015-03-10 11:46:14.668054","61-8944_2015","Response"
"2015-03-10 13:42:52.582219","33-9720_2015","Response"
"2015-03-10 19:03:09.705285","65-7885_2015","Close"
"2015-03-10 21:40:11.678257","33-9720_2015","Response"
"2015-03-11 00:33:23.391360","86-6716_2015","Response"
"2015-03-11 14:56:36.195406","61-8944_2015","Close"
"2015-03-12 20:09:22.201226","86-6716_2015","Response"
"2015-03-13 18:15:13.010373","18-2268_2015","Response"
"2015-03-13 18:40:51.820126","33-9720_2015","Close"
"2015-03-14 15:05:35.956078","18-2268_2015","Response"
"2015-03-15 23:50:53.242257","10-2435_2015","Close"
"2015-03-16 05:48:05.812167","18-2268_2015","Response"
"2015-03-16 09:28:36.467295","86-6716_2015","Response"
"2015-03-17 14:46:10.649145","86-6716_2015","Response"
"2015-03-17 19:03:37.538320","95-9912_2015","Assigned to analyst"
"2015-03-17 20:49:09.182577","95-9912_2015","Response"
"2015-03-17 22:33:36.883921","95-9912_2015","Response"
"2015-03-18 05:15:56.208980","86-6716_2015","Response"
"2015-03-18 06:11:36.059071","95-9912_2015","Response"
"2015-03-18 06:24:46.322146","95-9912_2015","Response"
"2015-03-18 10:04:34.250722","95-9912_2015","Response"
"2015-03-19 03:02:54.570309","18-2268_2015","Response"
"2015-03-19 11:49:10.410196","4-8003_2015","Assigned to analyst"
"2015-03-19 20:30:04.806946","86-6716_2015","Response"
"2015-03-20 04:20:04.141011","36-420_2015","Assigned to analyst"
"2015-03-20 04:52:18.290400","36-420_2015","Response"
"2015-03-20 07:29:52.875768","36-420_2015","Response"
"2015-03-20 16:19:46.084867","36-420_2015","Response"
"2015-03-20 19:18:35.647541","20-7781_2015","Close"
"2015-03-20 20:20:50.132212","36-420_2015","Response"
"2015-03-20 22:09:20.252582","36-420_2015","Response"
"2015-03-20 23:19:36.855254","36-420_2015","Response"
"2015-03-20 23:41:24.451945","36-420_2015","Response"
"2015-03-21 00:56:07.656209","36-420_2015","Response"
"2015-03-21 07:34:33.648175","4-8003_2015","Response"
"2015-03-22 22:03:30.837547","34-775_2015","Assigned to analyst"
"2015-03-23 13:28:00.171005","18-2268_2015","Response"
"2015-03-24 01:39:28.939996","4-8003_2015","Response"
"2015-03-24 19:03:04.661263","4-8003_2015","Response"
"2015-03-25 02:17:44.792250","34-775_2015","Response"
"2015-03-25 12:40:39.210625","4-8003_2015","Response"
"2015-03-25 16:34:46.804476","18-2268_2015","Response"
"2015-03-26 01:07:15.483458","95-9912_2015","Close"
"2015-03-27 00:41:14.652757","34-775_2015","Response"
"2015-03-27 03:04:40.013180","34-775_2015","Response"
"2015-03-27 16:50:17.408104","4-8003_2015","Response"
"2015-03-27 16:58:28.693113","4-8003_2015","Response"
"2015-03-28 01:29:24.105927","64-9123_2015","Assigned to analyst"
"2015-03-28 03:43:04.389041","64-9123_2015","Response"
"2015-03-28 05:08:28.264835","34-775_2015","Response"
"2015-03-28 09:37:55.559767","64-9123_2015","Response"
"2015-03-28 12:14:07.258464","64-9123_2015","Response"
"2015-03-28 13:45:22.344949","64-9123_2015","Response"
"2015-03-28 20:53:00.321379","64-9123_2015","Response"
"2015-03-28 20:53:01.036897","64-9123_2015","Response"
"2015-03-28 23:22:19.743305","64-9123_2015","Response"
"2015-03-29 00:01:55.414884","73-8541_2015","Assigned to analyst"
"2015-03-29 02:49:59.273961","85-5129_2015","Assigned to analyst"
"2015-03-29 04:18:35.356562","85-5129_2015","Response"
"2015-03-29 04:49:21.002890","85-5129_2015","Response"
"2015-03-29 05:06:51.859927","64-9123_2015","Response"
"2015-03-29 09:04:19.217251","64-9123_2015","Response"
"2015-03-29 10:01:17.217765","64-9123_2015","Response"
"2015-03-29 10:55:37.774762","85-5129_2015","Response"
"2015-03-29 13:21:14.263010","85-5129_2015","Response"
"2015-03-29 14:00:19.916395","36-420_2015","Close"
"2015-03-29 14:25:09.478265","64-9123_2015","Response"
"2015-03-29 16:07:49.372599","85-5129_2015","Response"
"2015-03-29 17:10:16.087269","4-8003_2015","Response"
"2015-03-29 18:14:03.775812","85-5129_2015","Response"
"2015-03-29 20:14:35.600228","90-5733_2015","Assigned to analyst"
"2015-03-29 21:04:48.025075","85-5129_2015","Response"
"2015-03-29 23:26:06.791264","4-8003_2015","Close"
"2015-03-30 01:11:39.515626","90-5733_2015","Response"
"2015-03-30 02:02:24.738128","85-5129_2015","Response"
"2015-03-30 05:37:32.928529","14-1785_2015","Close"
"2015-03-30 08:31:17.076533","90-5733_2015","Response"
"2015-03-30 12:33:36.897816","90-5733_2015","Response"
"2015-03-30 17:49:46.639891","90-5733_2015","Response"
"2015-03-31 00:41:10.762286","90-5733_2015","Response"
"2015-03-31 01:50:12.343397","90-5733_2015","Response"
"2015-03-31 03:50:02.686242","18-2268_2015","Response"
"2015-03-31 04:40:32.378544","73-8541_2015","Response"
"2015-03-31 05:46:14.632350","34-775_2015","Response"
"2015-03-31 13:09:08.206526","93-5526_2015","Assigned to analyst"
"2015-04-01 01:29:36.727853","52-7241_2015","Assigned to analyst"
"2015-04-01 06:58:24.688395","39-9950_2015","Assigned to analyst"
"2015-04-01 12:01:27.376926","39-9950_2015","Response"
"2015-04-02 04:57:22.748980","93-5526_2015","Response"
"2015-04-02 05:15:31.678268","64-9123_2015","Close"
"2015-04-02 19:07:32.053634","73-8541_2015","Response"
"2015-04-02 19:36:41.944526","18-2268_2015","Response"
"2015-04-02 20:42:10.887306","52-7241_2015","Response"
"2015-04-03 02:46:09.280975","52-7241_2015","Response"
"2015-04-03 03:48:32.591288","52-7241_2015","Response"
"2015-04-03 13:51:38.652467","47-2967_2015","Assigned to analyst"
"2015-04-04 10:52:04.938066","93-5526_2015","Response"
"2015-04-04 19:32:27.812897","85-5129_2015","Close"
"2015-04-05 00:55:15.491690","52-7241_2015","Response"
"2015-04-05 01:33:08.523828","18-2268_2015","Response"
"2015-04-05 01:55:05.056208","39-9950_2015","Close"
"2015-04-05 05:12:28.724986","47-2967_2015","Response"
"2015-04-05 08:15:52.440326","73-8541_2015","Response"
"2015-04-05 13:26:22.138458","93-5526_2015","Response"
"2015-04-06 00:45:55.309073","90-5733_2015","Close"
"2015-04-06 03:48:08.148328","93-5526_2015","Response"
"2015-04-06 14:29:08.828122","76-4371_2015","Close"
"2015-04-07 12:27:28.602898","73-8541_2015","Response"
"2015-04-08 19:58:45.723715","38-8702_2015","Assigned to analyst"
"2015-04-08 22:42:31.178517","18-2268_2015","Response"
"2015-04-09 03:00:16.403115","38-8702_2015","Response"
"2015-04-09 04:03:17.852143","47-2967_2015","Response"
"2015-04-09 04:06:52.274544","38-8702_2015","Response"
"2015-04-09 06:29:07.873822","38-8702_2015","Response"
"2015-04-09 07:38:42.999978","11-8381_2015","Assigned to analyst"
"2015-04-09 08:29:47.698954","38-8702_2015","Response"
"2015-04-09 12:58:57.923812","38-8702_2015","Response"
"2015-04-09 15:02:59.414219","38-8702_2015","Response"
"2015-04-09 18:03:55.173765","38-8702_2015","Response"
"2015-04-09 20:06:30.257409","38-8702_2015","Response"
"2015-04-09 23:17:04.202679","52-7241_2015","Close"
"2015-04-10 00:53:33.087255","47-2967_2015","Response"
"2015-04-10 01:22:56.499070","73-8541_2015","Response"
"2015-04-10 05:33:51.247333","73-8541_2015","Response"
"2015-04-10 15:26:53.029889","38-8702_2015","Close"
"2015-04-11 02:16:54.366453","11-8381_2015","Response"
"2015-04-11 03:41:19.442953","47-2967_2015","Response"
"2015-04-11 12:20:00.960819","11-8381_2015","Response"
"2015-04-12 00:44:26.663970","11-8381_2015","Response"
"2015-04-12 07:44:49.842029","47-2967_2015","Response"
"2015-04-12 17:19:55.106148","47-2967_2015","Response"
"2015-04-12 18:00:23.312844","11-8381_2015","Response"
"2015-04-13 08:30:52.839737","73-8541_2015","Response"
"2015-04-13 09:51:50.385357","11-8381_2015","Response"
"2015-04-13 20:49:25.714261","47-2967_2015","Response"
"2015-04-14 03:34:05.413789","6-6889_2015","Assigned to analyst"
"2015-04-15 05:48:02.603032","47-2967_2015","Response"
"2015-04-15 17:24:02.225478","23-2372_2015","Assigned to analyst"
"2015-04-15 19:53:52.814266","23-2372_2015","Response"
"2015-04-15 20:14:08.857150","11-8381_2015","Response"
"2015-04-16 00:27:06.753869","23-2372_2015","Response"
"2015-04-16 02:30:28.613504","23-2372_2015","Response"
"2015-04-16 02:31:31.878265","23-2372_2015","Response"
"2015-04-16 08:14:17.256834","23-2372_2015","Response"
"2015-04-16 09:19:57.550766","23-2372_2015","Response"
"2015-04-16 13:51:31.156482","23-2372_2015","Response"
"2015-04-16 16:25:19.111519","23-2372_2015","Response"
"2015-04-16 21:15:42.381389","6-6889_2015","Response"
"2015-04-16 23:30:57.759028","23-2372_2015","Response"
"2015-04-17 03:35:17.458551","23-2372_2015","Response"
"2015-04-17 11:00:07.873175","47-2967_2015","Response"
"2015-04-17 14:04:59.861603","34-775_2015","Close"
"2015-04-17 14:24:55.858844","11-8381_2015","Response"
"2015-04-20 09:46:18.558545","6-6889_2015","Response"
"2015-04-22 07:22:08.063812","93-5526_2015","Close"
"2015-04-22 14:04:44.550675","23-2372_2015","Close"
"2015-04-23 07:31:43.066633","18-2268_2015","Close"
"2015-04-23 17:01:57.401540","6-6889_2015","Response"
"2015-04-24 02:47:27.433058","11-8381_2015","Close"
"2015-04-26 06:51:41.814304","74-2111_2015","Assigned to analyst"
"2015-04-28 23:44:54.624472","6-6889_2015","Response"
"2015-04-30 01:52:33.612117","74-2111_2015","Response"
"2015-05-01 00:05:24.577572","6-6889_2015","Response"
"2015-05-01 16:45:08.370523","74-2111_2015","Response"
"2015-05-02 09:46:10.998590","28-9976_2015","Assigned to analyst"
"2015-05-02 11:26:54.828579","74-2111_2015","Response"
"2015-05-02 17:56:39.684782","6-6889_2015","Response"
"2015-05-02 19:02:13.566458","6-6889_2015","Response"
"2015-05-02 23:36:22.878562","48-6242_2015","Assigned to analyst"
"2015-05-03 02:37:51.429416","48-6242_2015","Response"
"2015-05-03 09:00:17.966996","43-6006_2015","Assigned to analyst"
"2015-05-03 17:11:27.075811","28-9976_2015","Response"
"2015-05-04 11:11:37.241826","74-2111_2015","Response"
"2015-05-05 08:51:46.329713","6-6889_2015","Response"
"2015-05-05 17:04:44.261966","8-6438_2015","Assigned to analyst"
"2015-05-05 19:25:52.971385","8-6438_2015","Response"
"2015-05-05 20:00:46.863661","8-6438_2015","Response"
"2015-05-05 21:26:16.870634","8-6438_2015","Response"
"2015-05-05 22:58:03.717904","6-6889_2015","Response"
"2015-05-06 05:24:10.570492","28-9976_2015","Response"
"2015-05-06 10:13:47.256815","98-9428_2015","Assigned to analyst"
"2015-05-06 10:39:24.238968","98-9428_2015","Response"
"2015-05-06 13:27:01.843575","28-9976_2015","Response"
"2015-05-06 15:28:08.273233","43-6006_2015","Response"
"2015-05-06 18:59:08.741095","98-9428_2015","Response"
"2015-05-07 18:30:49.239374","74-2111_2015","Response"
"2015-05-08 03:00:15.287510","74-2111_2015","Response"
"2015-05-08 06:33:59.809420","43-6006_2015","Response"
"2015-05-08 07:46:08.716997","43-6006_2015","Response"
"2015-05-08 18:26:07.160278","98-9428_2015","Close"
"2015-05-08 22:19:05.074848","8-6438_2015","Close"
"2015-05-08 23:56:20.144903","82-1768_2015","Assigned to analyst"
"2015-05-09 00:54:31.013038","28-9976_2015","Response"
"2015-05-09 23:26:32.213342","82-1768_2015","Response"
"2015-05-11 00:36:23.921122","82-1768_2015","Response"
"2015-05-11 05:55:50.158628","48-6242_2015","Close"
"2015-05-11 08:40:24.240080","28-9976_2015","Response"
"2015-05-11 11:20:08.172393","43-6006_2015","Response"
"2015-05-11 13:53:11.127824","28-9976_2015","Response"
"2015-05-12 01:05:31.841063","6-6889_2015","Close"
"2015-05-12 09:52:13.334484","68-4339_2015","Assigned to analyst"
"2015-05-13 02:52:28.691289","28-9976_2015","Response"
"2015-05-13 09:20:02.630171","74-2111_2015","Response"
"2015-05-13 21:59:21.767101","68-4339_2015","Response"
"2015-05-13 23:26:14.469685","43-6006_2015","Response"
"2015-05-15 01:40:06.423198","68-4339_2015","Response"
"2015-05-15 07:17:52.279412","47-2967_2015","Close"
"2015-05-15 07:47:21.458848","16-8991_2015","Assigned to analyst"
"2015-05-16 07:25:19.363037","16-8991_2015","Response"
"2015-05-16 08:10:17.139736","43-6006_2015","Response"
"2015-05-16 13:32:51.198680","73-8541_2015","Close"
"2015-05-17 09:22:12.274466","86-6716_2015","Close"
"2015-05-17 13:46:06.948840","83-1928_2015","Assigned to analyst"
"2015-05-17 18:17:48.763924","16-8991_2015","Response"
"2015-05-18 08:56:44.157201","16-8991_2015","Response"
"2015-05-18 13:37:01.236406","43-6006_2015","Response"
"2015-05-18 17:19:58.919117","16-8991_2015","Response"
"2015-05-19 13:23:13.046238","83-1928_2015","Response"
"2015-05-19 16:34:01.541691","83-1928_2015","Response"
"2015-05-20 13:20:01.881493","16-8991_2015","Response"
"2015-05-20 21:15:55.657145","16-8991_2015","Response"
"2015-05-21 01:03:06.435564","82-1768_2015","Close"
"2015-05-21 12:25:18.860659","74-2111_2015","Close"
"2015-05-21 16:26:35.187408","43-6006_2015","Response"
"2015-05-21 18:08:21.929619","16-8991_2015","Response"
"2015-05-22 05:23:43.525436","84-4751_2015","Assigned to analyst"
"2015-05-22 08:15:26.749351","84-4751_2015","Response"
"2015-05-24 17:56:10.391063","84-4751_2015","Response"
"2015-05-25 00:05:37.371818","16-8991_2015","Response"
"2015-05-25 11:13:06.659991","9-4508_2015","Assigned to analyst"
"2015-05-25 11:51:10.157866","9-4508_2015","Response"
"2015-05-25 12:54:27.423840","9-4508_2015","Response"
"2015-05-25 14:32:17.663859","16-8991_2015","Response"
"2015-05-25 23:30:44.708601","84-4751_2015","Response"
"2015-05-27 04:06:06.197764","16-8991_2015","Response"
"2015-05-27 21:34:12.702181","84-4751_2015","Response"
"2015-05-28 06:39:51.592015","84-4751_2015","Response"
"2015-05-31 05:05:47.774472","84-4751_2015","Response"
"2015-05-31 06:41:42.353964","84-4751_2015","Close"
"2015-05-31 18:46:53.586333","68-4339_2015","Close"
"2015-06-01 22:56:54.195972","9-4508_2015","Close"
"2015-06-02 22:08:28.966299","78-892_2015","Assigned to analyst"
"2015-06-04 02:48:53.601526","78-892_2015","Response"
"2015-06-04 16:40:12.873903","78-892_2015","Response"
"2015-06-05 11:22:56.357301","91-6629_2015","Assigned to analyst"
"2015-06-05 12:22:37.311667","91-6629_2015","Response"
"2015-06-05 13:07:30.046415","91-6629_2015","Response"
"2015-06-05 13:56:33.548103","91-6629_2015","Response"
"2015-06-05 16:36:17.358450","91-6629_2015","Response"
"2015-06-05 19:16:17.651427","91-6629_2015","Response"
"2015-06-05 19:53:23.831140","78-892_2015","Response"
"2015-06-05 22:05:28.564181","91-6629_2015","Response"
"2015-06-05 22:55:48.839306","78-892_2015","Response"
"2015-06-05 23:05:57.208211","91-6629_2015","Response"
"2015-06-06 03:19:00.498262","56-2084_2015","Assigned to analyst"
"2015-06-06 07:59:01.043199","56-2084_2015","Response"
"2015-06-06 12:06:09.068932","56-2084_2015","Response"
"2015-06-06 16:22:04.568745","56-2084_2015","Response"
"2015-06-06 17:21:09.777721","56-2084_2015","Response"
"2015-06-06 18:24:23.663479","56-2084_2015","Response"
"2015-06-06 18:42:26.804359","56-2084_2015","Response"
"2015-06-07 00:30:14.509276","78-892_2015","Response"
"2015-06-07 02:15:49.259789","56-2084_2015","Response"
"2015-06-07 05:41:07.545787","56-2084_2015","Response"
"2015-06-09 00:44:29.690926","78-892_2015","Response"
"2015-06-09 01:27:04.887023","83-1928_2015","Close"
"2015-06-09 10:32:56.436134","78-892_2015","Response"
"2015-06-09 12:59:16.933947","78-892_2015","Response"
"2015-06-10 04:05:40.218411","78-892_2015","Response"
"2015-06-10 21:43:07.622031","56-2084_2015","Close"
"2015-06-12 04:39:51.853370","91-6629_2015","Close"
"2015-06-14 18:12:00.181160","67-8323_2015","Assigned to analyst"
"2015-06-15 00:47:01.265838","67-8323_2015","Response"
"2015-06-15 03:25:31.393840","53-4000_2015","Assigned to analyst"
"2015-06-15 08:32:05.044043","53-4000_2015","Response"
"2015-06-15 09:31:49.204264","53-4000_2015","Response"
"2015-06-15 13:31:16.465634","53-4000_2015","Response"
"2015-06-15 15:47:08.231385","53-4000_2015","Response"
"2015-06-15 15:52:35.456345","53-4000_2015","Response"
"2015-06-15 20:25:16.863119","53-4000_2015","Response"
"2015-06-15 21:27:32.089470","53-4000_2015","Response"
"2015-06-15 23:28:03.622995","53-4000_2015","Response"
"2015-06-16 01:29:00.936924","53-4000_2015","Response"
"2015-06-16 06:10:15.674384","71-1969_2015","Assigned to analyst"
"2015-06-17 08:30:05.324024","67-8323_2015","Close"
"2015-06-17 19:17:11.837368","50-3128_2015","Assigned to analyst"
"2015-06-18 16:12:01.928380","71-1969_2015","Response"
"2015-06-18 18:12:00.550307","50-3128_2015","Response"
"2015-06-19 09:16:33.802939","50-3128_2015","Response"
"2015-06-19 18:08:35.829317","78-892_2015","Close"
"2015-06-20 00:46:31.662731","44-3680_2015","Assigned to analyst"
"2015-06-20 05:41:28.813337","44-3680_2015","Response"
"2015-06-20 07:41:53.536404","71-1969_2015","Response"
"2015-06-20 12:27:02.794709","44-3680_2015","Response"
"2015-06-20 13:36:01.297818","44-3680_2015","Response"
"2015-06-20 15:45:29.737222","44-3680_2015","Response"
"2015-06-20 17:25:21.645193","50-3128_2015","Response"
"2015-06-20 17:58:56.913335","44-3680_2015","Response"
"2015-06-20 18:15:03.861163","44-3680_2015","Response"
"2015-06-20 20:53:45.313908","50-3128_2015","Response"
"2015-06-21 02:10:50.960993","44-3680_2015","Response"
"2015-06-21 03:17:36.511748","44-3680_2015","Response"
"2015-06-21 05:42:58.635843","44-3680_2015","Response"
"2015-06-21 05:47:47.814753","50-3128_2015","Response"
"2015-06-23 08:45:04.575069","50-3128_2015","Response"
"2015-06-23 08:51:25.523522","44-3680_2015","Close"
"2015-06-24 01:22:42.570575","71-1969_2015","Response"
"2015-06-25 06:33:33.206246","50-3128_2015","Response"
"2015-06-26 05:39:29.141436","50-3128_2015","Response"
"2015-06-26 17:54:56.690973","71-1969_2015","Response"
"2015-06-26 21:19:13.542634","53-4000_2015","Close"
"2015-06-28 04:06:00.722360","50-3128_2015","Response"
"2015-06-28 07:15:27.634748","29-3331_2015","Assigned to analyst"
"2015-06-29 03:33:41.158089","50-3128_2015","Response"
"2015-06-29 17:07:21.056131","71-1969_2015","Response"
"2015-06-29 19:21:34.735147","87-9183_2015","Assigned to analyst"
"2015-06-29 19:26:27.659691","87-9183_2015","Response"
"2015-06-30 03:21:03.540263","87-9183_2015","Response"
"2015-06-30 08:10:11.912157","87-9183_2015","Response"
"2015-06-30 11:50:08.524914","87-9183_2015","Response"
"2015-06-30 14:40:27.498625","87-9183_2015","Response"
"2015-06-30 16:30:20.918263","87-9183_2015","Response"
"2015-06-30 17:17:19.031130","87-9183_2015","Response"
"2015-06-30 20:45:21.437887","71-1969_2015","Response"
"2015-06-30 21:00:39.559340","71-1969_2015","Response"
"2015-06-30 21:21:54.649786","87-9183_2015","Response"
"2015-07-01 04:18:59.551241","87-9183_2015","Response"
"2015-07-01 05:10:03.903484","71-1969_2015","Response"
"2015-07-01 05:56:31.064290","29-3331_2015","Response"
"2015-07-02 23:46:38.183725","87-9183_2015","Close"
"2015-07-03 03:57:43.434618","29-3331_2015","Response"
"2015-07-03 06:33:08.996491","71-1969_2015","Response"
"2015-07-04 22:18:38.367634","29-3331_2015","Response"
"2015-07-05 10:00:34.833344","50-3128_2015","Close"
"2015-07-06 09:31:57.309509","29-3331_2015","Response"
"2015-07-09 18:24:17.546621","29-3331_2015","Response"
"2015-07-10 04:35:59.420803","29-3331_2015","Response"
"2015-07-11 17:16:46.525548","29-3331_2015","Response"
"2015-07-11 23:17:26.448706","51-5238_2015","Assigned to analyst"
"2015-07-12 16:09:19.209566","51-5238_2015","Response"
"2015-07-13 09:35:47.873934","29-3331_2015","Response"
"2015-07-13 20:53:31.613365","51-5238_2015","Response"
"2015-07-14 05:24:06.085034","12-2028_2015","Assigned to analyst"
"2015-07-15 01:10:14.794364","12-2028_2015","Response"
"2015-07-15 16:25:52.624218","12-2028_2015","Response"
"2015-07-16 03:26:53.381870","88-9965_2015","Assigned to analyst"
"2015-07-16 08:50:19.878561","88-9965_2015","Response"
"2015-07-16 11:54:01.199483","88-9965_2015","Response"
"2015-07-16 13:59:53.184379","88-9965_2015","Response"
"2015-07-16 15:52:51.358170","88-9965_2015","Response"
"2015-07-16 19:56:14.222876","88-9965_2015","Response"
"2015-07-17 00:47:57.268595","88-9965_2015","Response"
"2015-07-17 01:18:04.757789","88-9965_2015","Response"
"2015-07-17 02:32:54.050193","16-8991_2015","Close"
"2015-07-17 07:10:35.443726","51-5238_2015","Response"
"2015-07-17 08:17:17.617729","88-9965_2015","Response"
"2015-07-17 12:40:29.028161","88-9965_2015","Response"
"2015-07-17 17:36:28.054908","88-9965_2015","Response"
"2015-07-18 07:51:20.316104","12-2028_2015","Response"
"2015-07-18 15:15:55.888068","59-5734_2015","Assigned to analyst"
"2015-07-18 17:21:16.262885","59-5734_2015","Response"
"2015-07-18 18:54:26.549756","96-1772_2015","Assigned to analyst"
"2015-07-18 20:06:59.555913","96-1772_2015","Response"
"2015-07-18 20:47:03.232678","59-5734_2015","Response"
"2015-07-18 20:58:40.388773","96-1772_2015","Response"
"2015-07-18 21:18:28.050436","96-1772_2015","Response"
"2015-07-18 21:39:38.870608","96-1772_2015","Response"
"2015-07-18 22:26:53.375825","96-1772_2015","Response"
"2015-07-19 00:08:15.372346","59-5734_2015","Response"
"2015-07-19 00:31:51.809160","96-1772_2015","Response"
"2015-07-19 02:01:31.646868","51-5238_2015","Response"
"2015-07-19 03:35:55.122421","59-5734_2015","Response"
"2015-07-19 04:37:26.795611","96-1772_2015","Close"
"2015-07-19 05:29:52.318779","59-5734_2015","Response"
"2015-07-19 11:48:27.600258","59-5734_2015","Response"
"2015-07-19 15:27:24.335573","59-5734_2015","Response"
"2015-07-19 17:48:00.789447","12-2028_2015","Response"
"2015-07-19 17:59:33.395925","59-5734_2015","Response"
"2015-07-19 20:34:10.154914","59-5734_2015","Response"
"2015-07-19 23:02:50.998324","59-5734_2015","Response"
"2015-07-20 02:26:39.379701","88-9965_2015","Close"
"2015-07-20 03:44:05.916449","59-5734_2015","Response"
"2015-07-20 23:10:12.225826","12-2028_2015","Response"
"2015-07-21 07:41:38.118990","59-5734_2015","Close"
"2015-07-21 12:38:36.683692","57-8346_2015","Assigned to analyst"
"2015-07-22 09:24:44.348014","12-2028_2015","Response"
"2015-07-23 16:12:01.015890","24-9472_2015","Assigned to analyst"
"2015-07-24 00:39:25.675390","24-9472_2015","Response"
"2015-07-24 17:20:01.071801","12-2028_2015","Response"
"2015-07-25 10:07:27.149735","24-9472_2015","Response"
"2015-07-25 20:30:52.894544","24-9472_2015","Response"
"2015-07-25 21:36:38.424761","24-9472_2015","Response"
"2015-07-26 05:04:57.541702","57-8346_2015","Response"
"2015-07-26 07:09:22.462605","12-2028_2015","Response"
"2015-07-27 00:26:42.176642","24-9472_2015","Response"
"2015-07-27 01:52:47.141288","57-8346_2015","Response"
"2015-07-27 08:28:36.263867","24-9472_2015","Response"
"2015-07-27 11:43:02.272353","43-6006_2015","Close"
"2015-07-28 02:20:25.750350","31-4542_2015","Assigned to analyst"
"2015-07-28 03:31:08.933497","24-9472_2015","Response"
"2015-07-28 11:30:55.409587","31-4542_2015","Response"
"2015-07-28 11:59:20.183334","57-8346_2015","Response"
"2015-07-28 17:54:19.573468","31-4542_2015","Response"
"2015-07-28 22:50:59.213066","12-2028_2015","Response"
"2015-07-29 03:40:37.510417","31-4542_2015","Response"
"2015-07-29 07:59:08.379831","31-4542_2015","Response"
"2015-07-29 11:13:50.782016","71-1969_2015","Close"
"2015-07-30 01:34:41.379810","57-8346_2015","Response"
"2015-07-30 18:45:48.245404","31-4542_2015","Response"
"2015-07-30 23:19:31.446371","12-2028_2015","Response"
"2015-08-01 18:26:47.446970","24-9472_2015","Close"
"2015-08-02 09:53:56.651716","31-4542_2015","Response"
"2015-08-02 11:18:48.850660","57-8346_2015","Response"
"2015-08-02 16:23:47.231130","57-8346_2015","Response"
"2015-08-03 08:39:21.718693","57-8346_2015","Response"
"2015-08-03 14:32:21.295166","31-4542_2015","Response"
"2015-08-03 19:52:19.675808","12-2028_2015","Response"
"2015-08-04 01:04:57.849245","57-8346_2015","Response"
"2015-08-06 06:25:47.542176","89-371_2015","Assigned to analyst"
"2015-08-07 10:41:45.095225","57-8346_2015","Response"
"2015-08-07 13:18:58.901582","66-453_2015","Assigned to analyst"
"2015-08-07 18:15:58.605382","66-453_2015","Response"
"2015-08-08 09:09:58.557274","89-371_2015","Response"
"2015-08-08 14:45:45.664088","66-453_2015","Response"
"2015-08-10 04:52:42.602055","89-371_2015","Response"
"2015-08-10 14:32:39.240303","89-371_2015","Response"
"2015-08-12 13:03:24.811283","66-453_2015","Response"
"2015-08-12 23:42:35.729308","77-2398_2015","Assigned to analyst"
"2015-08-13 01:48:57.365194","77-2398_2015","Response"
"2015-08-13 02:33:28.326694","55-5786_2015","Assigned to analyst"
"2015-08-13 04:33:19.873949","77-2398_2015","Response"
"2015-08-13 05:38:41.072953","55-5786_2015","Response"
"2015-08-13 11:10:01.145600","66-453_2015","Response"
"2015-08-13 12:10:03.421010","55-5786_2015","Response"
"2015-08-13 12:23:31.929494","77-2398_2015","Response"
"2015-08-13 15:18:08.343120","77-2398_2015","Response"
"2015-08-13 16:44:23.651138","77-2398_2015","Response"
"2015-08-13 17:53:47.943469","55-5786_2015","Response"
"2015-08-13 19:49:50.598102","55-5786_2015","Response"
"2015-08-13 22:14:04.628199","77-2398_2015","Response"
"2015-08-13 22:39:08.660124","55-5786_2015","Response"
"2015-08-14 04:12:45.040786","77-2398_2015","Response"
"2015-08-14 05:43:46.686345","77-2398_2015","Response"
"2015-08-14 07:27:08.141787","55-5786_2015","Response"
"2015-08-14 10:46:52.936832","55-5786_2015","Response"
"2015-08-14 13:31:15.661094","77-2398_2015","Response"
"2015-08-14 15:12:54.514715","77-2398_2015","Response"
"2015-08-14 16:39:21.341283","55-5786_2015","Response"
"2015-08-15 06:21:18.715763","66-453_2015","Response"
"2015-08-15 18:11:05.416131","31-4542_2015","Close"
"2015-08-15 18:40:42.986949","28-9976_2015","Close"
"2015-08-16 14:54:26.424963","27-1526_2015","Assigned to analyst"
"2015-08-18 01:48:23.346845","77-2398_2015","Close"
"2015-08-18 05:29:38.738490","97-6689_2015","Assigned to analyst"
"2015-08-18 07:24:50.714486","97-6689_2015","Response"
"2015-08-18 07:51:19.510458","27-1526_2015","Response"
"2015-08-18 08:49:23.582872","97-6689_2015","Response"
"2015-08-18 08:58:28.654824","97-6689_2015","Response"
"2015-08-18 11:19:30.137711","97-6689_2015","Response"
"2015-08-18 13:17:51.458188","27-1526_2015","Response"
"2015-08-18 13:29:09.459203","97-6689_2015","Response"
"2015-08-18 13:52:59.648985","97-6689_2015","Response"
"2015-08-18 19:41:04.329811","97-6689_2015","Response"
"2015-08-18 21:16:39.753525","97-6689_2015","Response"
"2015-08-18 22:58:46.800620","51-5238_2015","Close"
"2015-08-19 01:22:47.209041","97-6689_2015","Response"
"2015-08-19 18:35:06.926002","27-1526_2015","Response"
"2015-08-20 21:49:39.854029","27-1526_2015","Response"
"2015-08-21 05:24:55.702708","55-5786_2015","Close"
"2015-08-21 23:56:06.707196","12-2028_2015","Close"
"2015-08-23 10:17:59.960118","27-1526_2015","Response"
"2015-08-28 03:10:58.291265","97-6689_2015","Close"
"2015-08-29 18:22:12.441137","26-3973_2015","Assigned to analyst"
"2015-08-30 01:33:56.375691","26-3973_2015","Response"
"2015-08-30 03:05:21.575777","26-3973_2015","Response"
"2015-08-30 05:49:47.588468","26-3973_2015","Response"
"2015-08-30 09:40:04.653174","26-3973_2015","Response"
"2015-08-30 13:15:18.488574","26-3973_2015","Response"
"2015-08-30 17:15:00.510284","26-3973_2015","Response"
"2015-08-30 18:47:32.704536","26-3973_2015","Response"
"2015-08-30 20:43:28.672344","26-3973_2015","Response"
"2015-08-31 00:52:02.093838","26-3973_2015","Response"
"2015-08-31 09:42:00.726879","26-3973_2015","Response"
"2015-08-31 11:13:03.550250","26-3973_2015","Response"
"2015-09-02 06:24:11.076111","3-3668_2015","Assigned to analyst"
"2015-09-02 13:18:25.191177","26-3973_2015","Close"
"2015-09-02 22:33:53.741892","30-6609_2015","Assigned to analyst"
"2015-09-03 01:51:26.233188","3-3668_2015","Response"
"2015-09-03 13:12:25.116007","89-371_2015","Close"
"2015-09-03 13:32:08.221528","3-3668_2015","Response"
"2015-09-03 13:55:51.993114","30-6609_2015","Response"
"2015-09-04 18:25:04.027367","30-6609_2015","Response"
"2015-09-04 21:31:57.978448","3-3668_2015","Response"
"2015-09-05 03:11:21.624770","3-3668_2015","Response"
"2015-09-05 04:00:35.317659","29-3331_2015","Close"
"2015-09-05 08:15:21.579756","70-331_2015","Assigned to analyst"
"2015-09-05 16:29:49.104467","30-6609_2015","Response"
"2015-09-05 18:07:06.402985","70-331_2015","Response"
"2015-09-06 07:17:56.722812","3-3668_2015","Response"
"2015-09-08 03:16:35.315850","75-503_2015","Assigned to analyst"
"2015-09-08 08:20:39.358810","70-331_2015","Response"
"2015-09-08 09:20:07.773762","75-503_2015","Response"
"2015-09-10 04:10:45.200333","30-6609_2015","Response"
"2015-09-10 04:40:55.899435","30-6609_2015","Response"
"2015-09-10 08:43:11.674623","30-6609_2015","Response"
"2015-09-11 19:03:59.728301","70-331_2015","Response"
"2015-09-13 07:27:30.750248","62-1065_2015","Assigned to analyst"
"2015-09-13 09:29:08.822490","62-1065_2015","Response"
"2015-09-14 03:36:48.504296","62-1065_2015","Close"
"2015-09-14 05:12:16.516540","30-6609_2015","Response"
"2015-09-14 07:57:24.832100","66-453_2015","Close"
"2015-09-16 21:23:34.999045","70-331_2015","Response"
"2015-09-18 18:04:06.619766","70-331_2015","Response"
"2015-09-19 14:25:28.904151","72-3021_2015","Assigned to analyst"
"2015-09-20 00:20:29.644539","3-3668_2015","Close"
"2015-09-20 00:59:23.264094","72-3021_2015","Response"
"2015-09-22 02:38:07.571616","72-3021_2015","Response"
"2015-09-22 11:40:18.284162","13-4492_2015","Assigned to analyst"
"2015-09-23 01:24:13.224877","72-3021_2015","Response"
"2015-09-24 02:50:07.902118","72-3021_2015","Response"
"2015-09-25 11:25:44.105107","17-1540_2015","Assigned to analyst"
"2015-09-25 14:21:19.896608","72-3021_2015","Response"
"2015-09-26 04:14:24.093345","13-4492_2015","Response"
"2015-09-26 05:23:17.986995","72-3021_2015","Response"
"2015-09-26 17:47:38.667299","72-3021_2015","Response"
"2015-09-27 12:53:15.049703","17-1540_2015","Response"
"2015-09-29 00:06:04.441409","57-8346_2015","Close"
"2015-09-30 08:52:52.515892","13-4492_2015","Response"
"2015-10-01 11:25:57.523279","13-4492_2015","Response"
"2015-10-02 23:35:29.563655","13-4492_2015","Response"
"2015-10-03 11:20:35.272886","30-6609_2015","Close"
"2015-10-04 11:33:41.950494","0-3459_2015","Assigned to analyst"
"2015-10-04 20:24:44.931542","46-7493_2015","Assigned to analyst"
"2015-10-05 18:27:32.030315","0-3459_2015","Response"
"2015-10-05 19:50:19.828652","46-7493_2015","Response"
"2015-10-06 07:00:33.587442","0-3459_2015","Response"
"2015-10-06 12:01:49.167552","75-503_2015","Close"
"2015-10-06 23:29:17.458966","0-3459_2015","Response"
"2015-10-08 01:37:31.727861","46-7493_2015","Response"
"2015-10-08 21:58:28.263214","46-7493_2015","Response"
"2015-10-09 02:54:41.353100","0-3459_2015","Response"
"2015-10-09 15:33:52.963099","46-7493_2015","Response"
"2015-10-09 19:17:52.942132","0-3459_2015","Response"
"2015-10-09 22:29:30.479107","2-5780_2015","Assigned to analyst"
"2015-10-10 04:10:27.404884","99-5277_2015","Assigned to analyst"
"2015-10-10 07:27:57.117829","70-331_2015","Close"
"2015-10-10 17:13:39.918211","99-5277_2015","Response"
"2015-10-10 19:43:59.092297","0-3459_2015","Response"
"2015-10-11 01:18:43.456221","46-7493_2015","Close"
"2015-10-11 03:48:21.453285","0-3459_2015","Response"
"2015-10-11 12:33:20.182932","2-5780_2015","Response"
"2015-10-11 17:59:08.815010","2-5780_2015","Response"
"2015-10-11 18:34:53.613529","0-3459_2015","Response"
"2015-10-13 05:23:03.101331","2-5780_2015","Response"
"2015-10-13 06:17:23.415281","0-3459_2015","Response"
"2015-10-13 12:45:20.166332","0-3459_2015","Response"
"2015-10-14 02:01:55.804499","99-5277_2015","Response"
"2015-10-14 15:19:15.920809","2-5780_2015","Response"
"2015-10-16 03:59:45.877302","99-5277_2015","Response"
"2015-10-16 11:56:24.003103","2-5780_2015","Response"
"2015-10-16 18:46:53.927894","99-5277_2015","Response"
"2015-10-17 02:53:55.397503","45-1227_2015","Assigned to analyst"
"2015-10-17 21:57:45.726684","72-3021_2015","Close"
"2015-10-18 15:47:43.235580","45-1227_2015","Response"
"2015-10-18 19:10:53.525154","99-5277_2015","Response"
"2015-10-19 14:08:13.943678","45-1227_2015","Response"
"2015-10-19 21:24:37.028692","45-1227_2015","Response"
"2015-10-20 19:32:45.395229","27-1526_2015","Close"
"2015-10-21 04:52:59.536218","2-5780_2015","Response"
"2015-10-21 23:44:22.039587","45-1227_2015","Response"
"2015-10-23 00:09:29.900542","45-1227_2015","Response"
"2015-10-23 10:19:24.873134","60-74_2015","Assigned to analyst"
"2015-10-23 12:03:23.017767","99-5277_2015","Response"
"2015-10-23 14:16:50.085850","45-1227_2015","Response"
"2015-10-24 22:00:30.319705","99-5277_2015","Response"
"2015-10-25 00:36:27.410936","0-3459_2015","Close"
"2015-10-25 01:30:19.823536","2-5780_2015","Response"
"2015-10-25 12:12:49.066278","60-74_2015","Response"
"2015-10-25 18:18:16.753517","60-74_2015","Response"
"2015-10-27 09:26:47.065130","2-5780_2015","Response"
"2015-10-28 00:30:34.134247","2-5780_2015","Response"
"2015-10-28 04:19:44.112111","2-5780_2015","Response"
"2015-10-28 12:54:28.350023","60-74_2015","Response"
"2015-10-29 18:45:52.392872","99-5277_2015","Response"
"2015-10-30 09:00:29.874588","17-1540_2015","Close"
"2015-10-30 12:00:35.190775","45-1227_2015","Close"
"2015-10-31 02:34:44.407342","60-74_2015","Response"
"2015-11-01 01:49:56.604935","99-5277_2015","Response"
"2015-11-02 21:54:48.685729","99-5277_2015","Response"
"2015-11-04 01:25:00.617136","40-4482_2015","Assigned to analyst"
"2015-11-04 03:02:23.222585","40-4482_2015","Response"
"2015-11-04 07:43:47.545364","40-4482_2015","Response"
"2015-11-04 13:35:59.498149","40-4482_2015","Response"
"2015-11-04 16:11:28.886019","40-4482_2015","Response"
"2015-11-04 18:52:30.444791","40-4482_2015","Response"
"2015-11-04 22:41:56.484663","40-4482_2015","Response"
"2015-11-05 03:59:36.122515","40-4482_2015","Response"
"2015-11-05 04:58:19.778712","40-4482_2015","Response"
"2015-11-05 09:57:27.008788","40-4482_2015","Response"
"2015-11-05 14:40:04.727501","92-5726_2015","Assigned to analyst"
"2015-11-06 09:19:49.011936","7-6544_2015","Assigned to analyst"
"2015-11-06 12:29:21.501553","7-6544_2015","Response"
"2015-11-06 14:49:34.130659","7-6544_2015","Response"
"2015-11-08 20:53:15.921365","40-4482_2015","Close"
"2015-11-09 01:34:14.884533","19-191_2015","Assigned to analyst"
"2015-11-09 01:44:06.703385","19-191_2015","Response"
"2015-11-09 03:41:10.920463","41-1948_2015","Assigned to analyst"
"2015-11-09 05:26:31.519858","19-191_2015","Response"
"2015-11-09 06:11:18.699124","41-1948_2015","Response"
"2015-11-09 06:49:26.178048","19-191_2015","Response"
"2015-11-09 08:22:47.219693","19-191_2015","Response"
"2015-11-09 11:36:56.929994","92-5726_2015","Response"
"2015-11-09 11:37:08.216270","41-1948_2015","Response"
"2015-11-09 11:44:44.679971","19-191_2015","Response"
"2015-11-09 13:24:42.395813","35-5215_2015","Assigned to analyst"
"2015-11-09 14:55:55.075031","41-1948_2015","Response"
"2015-11-09 16:44:14.881134","19-191_2015","Response"
"2015-11-09 16:55:17.735964","19-191_2015","Response"
"2015-11-09 19:30:41.176854","19-191_2015","Response"
"2015-11-09 20:28:41.247660","41-1948_2015","Response"
"2015-11-09 20:58:48.287804","19-191_2015","Response"
"2015-11-09 21:04:42.884871","92-5726_2015","Response"
"2015-11-09 21:27:53.782484","41-1948_2015","Response"
"2015-11-10 01:19:12.739824","19-191_2015","Response"
"2015-11-11 17:15:27.256797","35-5215_2015","Response"
"2015-11-11 19:26:54.614897","92-5726_2015","Response"
"2015-11-12 09:08:29.693942","92-5726_2015","Response"
"2015-11-13 04:02:49.340865","41-1948_2015","Close"
"2015-11-13 05:26:55.847933","7-6544_2015","Close"
"2015-11-14 21:51:19.713636","35-5215_2015","Response"
"2015-11-15 03:39:15.936809","60-74_2015","Close"
"2015-11-17 10:04:48.245244","15-8874_2015","Assigned to analyst"
"2015-11-17 10:24:53.596112","15-8874_2015","Response"
"2015-11-17 11:37:58.057902","19-191_2015","Close"
"2015-11-17 13:51:46.444370","15-8874_2015","Response"
"2015-11-17 18:03:20.899001","15-8874_2015","Response"
"2015-11-17 19:15:17.445745","15-8874_2015","Response"
"2015-11-17 21:11:35.410574","15-8874_2015","Response"
"2015-11-17 22:38:36.982467","15-8874_2015","Response"
"2015-11-18 01:58:13.529448","15-8874_2015","Response"
"2015-11-18 04:48:20.300717","15-8874_2015","Response"
"2015-11-18 05:22:16.035845","15-8874_2015","Response"
"2015-11-18 06:40:11.669714","15-8874_2015","Response"
"2015-11-20 10:44:02.218007","13-4492_2015","Close"
"2015-11-21 02:36:16.019733","15-8874_2015","Close"
"2015-11-21 16:24:43.320527","58-6274_2015","Assigned to analyst"
"2015-11-23 10:16:32.995441","58-6274_2015","Response"
"2015-11-23 19:12:26.143990","58-6274_2015","Response"
"2015-11-26 00:03:56.778716","58-6274_2015","Response"
"2015-11-26 07:10:45.131191","42-8554_2015","Assigned to analyst"
"2015-11-26 08:32:34.851700","42-8554_2015","Response"
"2015-11-26 09:52:41.175255","25-7580_2015","Assigned to analyst"
"2015-11-26 11:08:56.149659","42-8554_2015","Response"
"2015-11-26 16:58:02.268514","42-8554_2015","Response"
"2015-11-26 18:49:53.210484","42-8554_2015","Response"
"2015-11-26 20:09:18.594382","42-8554_2015","Response"
"2015-11-26 23:54:09.093175","42-8554_2015","Response"
"2015-11-27 07:54:09.567991","42-8554_2015","Response"
"2015-11-27 07:54:51.962234","58-6274_2015","Response"
"2015-11-27 10:23:52.619285","42-8554_2015","Response"
"2015-11-27 12:12:27.824568","42-8554_2015","Response"
"2015-11-27 18:49:31.377768","35-5215_2015","Close"
"2015-11-27 19:55:21.397500","25-7580_2015","Response"
"2015-11-28 11:41:08.904943","58-6274_2015","Response"
"2015-12-02 03:36:11.864287","42-8554_2015","Close"
"2015-12-02 04:54:13.667074","25-7580_2015","Response"
"2015-12-05 11:40:04.378239","79-8617_2015","Assigned to analyst"
"2015-12-06 06:22:08.763567","79-8617_2015","Response"
"2015-12-07 11:18:57.327347","79-8617_2015","Response"
"2015-12-08 11:59:14.859593","79-8617_2015","Response"
"2015-12-08 22:03:40.925260","79-8617_2015","Response"
"2015-12-09 03:23:43.491097","63-5076_2015","Assigned to analyst"
"2015-12-09 04:51:10.027098","79-8617_2015","Response"
"2015-12-11 20:52:16.658506","79-8617_2015","Response"
"2015-12-11 22:07:41.385371","79-8617_2015","Response"
"2015-12-12 09:06:30.227739","58-6274_2015","Close"
"2015-12-12 20:04:33.039630","79-8617_2015","Response"
"2015-12-13 09:07:02.095998","63-5076_2015","Response"
"2015-12-15 10:45:07.547212","79-8617_2015","Response"
"2015-12-16 06:21:21.035530","63-5076_2015","Response"
"2015-12-16 10:31:01.538418","63-5076_2015","Response"
"2015-12-18 03:16:12.869017","79-8617_2015","Close"
"2015-12-18 06:14:41.952200","63-5076_2015","Response"
"2015-12-24 02:59:11.192569","99-5277_2015","Close"
"2015-12-26 03:13:17.190842","80-535_2015","Assigned to analyst"
"2015-12-26 08:13:20.998791","69-1812_2015","Assigned to analyst"
"2015-12-26 16:17:09.341902","80-535_2015","Response"
"2015-12-28 16:39:01.719356","69-1812_2015","Response"
"2015-12-29 10:44:36.053829","69-1812_2015","Response"
"2015-12-29 20:38:54.960862","80-535_2015","Response"
"2015-12-30 04:53:35.884915","69-1812_2015","Response"
"2015-12-30 09:04:20.338623","80-535_2015","Response"
"2016-01-02 17:31:05.803496","80-535_2015","Response"
"2016-01-03 01:38:03.345974","69-1812_2015","Close"
"2016-01-04 08:36:28.587099","80-535_2015","Response"
"2016-01-04 10:22:45.555012","63-5076_2015","Close"
"2016-01-04 13:25:07.009147","80-535_2015","Response"
"2016-01-06 17:23:46.799721","80-535_2015","Response"
"2016-01-08 09:42:57.853497","25-7580_2015","Close"
"2016-01-10 15:23:40.128255","2-5780_2015","Close"
"2016-01-26 05:57:45.225600","80-535_2015","Close"
"2016-02-16 12:11:41.093813","92-5726_2015","Close"
