"2014-01-03 21:40:49.771648","74-8409_2014","Assigned to analyst"
"2014-01-05 07:26:05.780150","83-9904_2014","Assigned to analyst"
"2014-01-06 21:15:30.051810","83-9904_2014","Response"
"2014-01-08 08:56:27.091112","83-9904_2014","Response"
"2014-01-08 12:39:50.884934","83-9904_2014","Response"
"2014-01-08 17:04:08.822272","74-8409_2014","Response"
"2014-01-09 23:38:01.675150","83-9904_2014","Response"
"2014-01-10 11:44:11.007872","56-9632_2014","Assigned to analyst"
"2014-01-10 12:48:52.089137","56-9632_2014","Response"
"2014-01-10 17:44:15.753209","56-9632_2014","Response"
"2014-01-10 21:00:31.910307","56-9632_2014","Response"
"2014-01-11 01:03:36.442522","56-9632_2014","Response"
"2014-01-11 03:59:10.710614","56-9632_2014","Response"
"2014-01-11 20:11:55.818633","83-9904_2014","Response"
"2014-01-12 02:57:23.267933","71-7991_2014","Assigned to analyst"
"2014-01-12 04:14:42.159016","71-7991_2014","Response"
"2014-01-12 04:53:13.027385","83-9904_2014","Response"
"2014-01-12 07:08:31.302815","74-8409_2014","Response"
"2014-01-12 11:55:45.845694","71-7991_2014","Response"
"2014-01-12 14:52:56.252716","71-7991_2014","Response"
"2014-01-12 15:55:07.185297","71-7991_2014","Response"
"2014-01-12 16:45:54.316184","56-9632_2014","Close"
"2014-01-14 12:26:37.910698","83-9904_2014","Response"
"2014-01-15 13:30:18.494996","83-9904_2014","Response"
"2014-01-17 08:29:27.360012","80-4824_2014","Assigned to analyst"
"2014-01-18 08:34:55.468517","83-9904_2014","Response"
"2014-01-18 13:46:20.983173","92-3726_2014","Assigned to analyst"
"2014-01-18 15:15:35.896753","92-3726_2014","Response"
"2014-01-18 16:13:26.041429","13-8603_2014","Assigned to analyst"
"2014-01-18 17:22:42.197682","92-3726_2014","Response"
"2014-01-18 22:07:40.898583","13-8603_2014","Response"
"2014-01-18 23:32:30.817620","13-8603_2014","Response"
"2014-01-18 23:48:49.025244","92-3726_2014","Response"
"2014-01-19 00:42:23.303363","80-4824_2014","Response"
"2014-01-19 03:24:04.757429","13-8603_2014","Response"
"2014-01-19 05:33:51.646506","92-3726_2014","Response"
"2014-01-19 06:14:15.297150","92-3726_2014","Response"
"2014-01-19 07:30:05.134541","92-3726_2014","Response"
"2014-01-19 07:48:39.697948","13-8603_2014","Response"
"2014-01-19 16:18:22.939900","92-3726_2014","Response"
"2014-01-19 16:53:28.852404","92-3726_2014","Response"
"2014-01-19 20:07:02.507089","92-3726_2014","Response"
"2014-01-19 23:14:06.866643","13-8603_2014","Close"
"2014-01-20 01:44:12.350401","92-3726_2014","Response"
"2014-01-20 04:26:17.093812","92-3726_2014","Response"
"2014-01-20 06:39:07.227005","92-3726_2014","Close"
"2014-01-20 10:40:44.726911","71-7991_2014","Close"
"2014-01-20 16:24:49.986907","98-521_2014","Assigned to analyst"
"2014-01-21 05:04:37.762146","80-4824_2014","Response"
"2014-01-21 07:08:52.529550","98-521_2014","Response"
"2014-01-21 21:43:48.014244","98-521_2014","Response"
"2014-01-22 13:02:24.028568","16-7185_2014","Assigned to analyst"
"2014-01-23 14:29:21.384762","98-521_2014","Response"
"2014-01-23 14:36:27.062364","16-7185_2014","Response"
"2014-01-23 23:31:22.962920","85-2462_2014","Assigned to analyst"
"2014-01-24 13:58:31.624631","80-4824_2014","Response"
"2014-01-24 16:48:08.428849","80-4824_2014","Response"
"2014-01-25 09:48:29.914968","16-7185_2014","Response"
"2014-01-25 19:07:13.227908","16-7185_2014","Response"
"2014-01-26 00:17:50.476097","98-521_2014","Response"
"2014-01-26 05:38:54.030573","96-5909_2014","Assigned to analyst"
"2014-01-26 12:32:02.982302","98-521_2014","Response"
"2014-01-26 16:08:43.193080","85-2462_2014","Response"
"2014-01-26 20:51:53.254753","77-6083_2014","Assigned to analyst"
"2014-01-27 00:08:30.991473","80-4824_2014","Response"
"2014-01-27 03:09:48.386252","80-4824_2014","Response"
"2014-01-27 04:26:22.269775","98-521_2014","Response"
"2014-01-27 07:02:29.439706","77-6083_2014","Response"
"2014-01-27 09:41:53.315860","96-5909_2014","Response"
"2014-01-27 23:39:51.527638","77-6083_2014","Response"
"2014-01-28 00:44:14.714329","16-7185_2014","Response"
"2014-01-28 09:06:42.066836","85-2462_2014","Response"
"2014-01-28 13:39:48.322674","96-5909_2014","Response"
"2014-01-28 18:52:43.675986","85-2462_2014","Response"
"2014-01-29 02:47:19.266230","77-6083_2014","Response"
"2014-01-29 10:16:01.355895","86-3376_2014","Assigned to analyst"
"2014-01-29 18:58:59.427217","96-5909_2014","Response"
"2014-01-29 23:00:25.914554","4-3901_2014","Assigned to analyst"
"2014-01-30 00:43:08.379840","4-3901_2014","Response"
"2014-01-30 03:08:44.560061","4-3901_2014","Response"
"2014-01-30 05:59:50.823384","4-3901_2014","Response"
"2014-01-30 06:57:19.213094","4-3901_2014","Response"
"2014-01-30 10:35:53.637716","4-3901_2014","Response"
"2014-01-30 12:21:10.746566","4-3901_2014","Response"
"2014-01-30 14:04:38.809401","4-3901_2014","Response"
"2014-01-30 16:32:42.423638","86-3376_2014","Response"
"2014-01-30 20:19:57.142927","80-4824_2014","Response"
"2014-01-30 21:04:19.441101","4-3901_2014","Response"
"2014-01-30 22:08:37.723414","86-3376_2014","Response"
"2014-01-30 22:08:52.852161","96-5909_2014","Response"
"2014-01-31 09:17:16.432077","77-6083_2014","Response"
"2014-01-31 10:03:23.366323","86-3376_2014","Response"
"2014-01-31 12:21:53.468137","80-4824_2014","Response"
"2014-02-01 10:11:46.932479","4-3901_2014","Close"
"2014-02-01 11:51:17.573997","86-3376_2014","Response"
"2014-02-01 13:08:43.535031","80-4824_2014","Response"
"2014-02-01 14:31:42.654160","16-7185_2014","Response"
"2014-02-01 17:13:00.257968","98-521_2014","Response"
"2014-02-01 18:11:49.602359","16-7185_2014","Response"
"2014-02-02 07:17:23.343064","85-2462_2014","Response"
"2014-02-02 08:00:36.573115","96-5909_2014","Response"
"2014-02-02 21:56:43.252159","86-3376_2014","Response"
"2014-02-02 23:47:11.746217","86-3376_2014","Response"
"2014-02-03 00:41:53.955386","96-5909_2014","Response"
"2014-02-03 06:54:48.541539","80-4824_2014","Response"
"2014-02-03 13:25:05.881706","16-7185_2014","Response"
"2014-02-03 14:52:50.466482","77-6083_2014","Response"
"2014-02-04 05:57:40.123718","96-5909_2014","Response"
"2014-02-04 10:35:57.167363","77-6083_2014","Response"
"2014-02-04 18:17:11.871895","96-5909_2014","Response"
"2014-02-04 18:44:59.201662","98-521_2014","Response"
"2014-02-04 20:00:00.458955","98-521_2014","Response"
"2014-02-05 10:39:56.986322","58-9255_2014","Assigned to analyst"
"2014-02-06 11:54:47.543898","58-9255_2014","Response"
"2014-02-06 15:05:12.245483","98-521_2014","Response"
"2014-02-06 15:26:17.004960","85-2462_2014","Response"
"2014-02-07 04:32:52.529831","96-5909_2014","Response"
"2014-02-07 10:10:05.455328","85-2462_2014","Response"
"2014-02-07 19:44:44.005933","77-6083_2014","Response"
"2014-02-07 20:10:20.008774","83-9904_2014","Close"
"2014-02-08 17:41:54.406765","58-9255_2014","Response"
"2014-02-09 05:02:11.179066","77-6083_2014","Response"
"2014-02-09 06:54:55.987855","85-2462_2014","Response"
"2014-02-09 12:04:53.249075","96-5909_2014","Response"
"2014-02-09 17:56:02.530857","98-521_2014","Close"
"2014-02-09 19:47:04.815219","58-9255_2014","Response"
"2014-02-10 13:51:26.822252","58-9255_2014","Response"
"2014-02-10 22:53:14.542897","96-5909_2014","Response"
"2014-02-11 15:08:44.798952","11-4225_2014","Assigned to analyst"
"2014-02-11 15:40:11.958794","11-4225_2014","Response"
"2014-02-11 17:51:41.969950","11-4225_2014","Response"
"2014-02-11 20:48:27.688936","74-8409_2014","Close"
"2014-02-11 22:02:06.889676","11-4225_2014","Response"
"2014-02-12 03:48:35.618023","96-5909_2014","Close"
"2014-02-12 09:39:50.797233","85-2462_2014","Response"
"2014-02-12 23:07:31.143768","58-9255_2014","Response"
"2014-02-13 09:43:58.618772","58-9255_2014","Response"
"2014-02-15 02:09:58.445433","85-2462_2014","Response"
"2014-02-15 22:32:05.562017","22-1783_2014","Assigned to analyst"
"2014-02-15 23:24:10.664986","58-9255_2014","Response"
"2014-02-16 11:39:23.702917","22-1783_2014","Response"
"2014-02-16 15:01:49.734787","58-9255_2014","Response"
"2014-02-17 13:36:17.743242","58-9255_2014","Response"
"2014-02-18 09:11:52.343392","15-7027_2014","Assigned to analyst"
"2014-02-18 14:32:01.225516","22-1783_2014","Response"
"2014-02-19 03:37:45.895383","15-7027_2014","Response"
"2014-02-19 11:55:02.746193","22-1783_2014","Response"
"2014-02-20 01:13:38.971131","86-3376_2014","Close"
"2014-02-20 06:43:20.329041","22-1783_2014","Response"
"2014-02-20 12:22:49.553185","15-7027_2014","Response"
"2014-02-20 14:33:22.196248","15-7027_2014","Response"
"2014-02-21 03:03:22.089329","77-6083_2014","Close"
"2014-02-21 04:46:44.270376","15-7027_2014","Response"
"2014-02-21 21:18:01.044524","22-1783_2014","Response"
"2014-02-22 13:17:09.947657","85-2462_2014","Close"
"2014-02-22 18:49:39.068364","11-4225_2014","Close"
"2014-02-23 00:30:30.824313","22-1783_2014","Response"
"2014-02-23 02:07:43.835462","15-7027_2014","Response"
"2014-02-23 02:42:37.535350","22-1783_2014","Response"
"2014-02-23 18:21:27.277466","15-7027_2014","Response"
"2014-02-24 04:49:34.017721","50-2773_2014","Assigned to analyst"
"2014-02-24 12:56:18.672000","22-1783_2014","Response"
"2014-02-25 02:46:27.247120","22-1783_2014","Response"
"2014-02-25 04:37:33.225600","22-1783_2014","Response"
"2014-02-25 11:45:48.070612","15-7027_2014","Response"
"2014-02-25 12:00:15.111956","22-1783_2014","Response"
"2014-02-25 14:18:10.178369","29-7089_2014","Assigned to analyst"
"2014-02-25 19:54:17.513641","29-7089_2014","Response"
"2014-02-25 19:58:09.979453","29-7089_2014","Response"
"2014-02-25 21:16:05.871180","29-7089_2014","Response"
"2014-02-26 05:19:46.259563","29-7089_2014","Response"
"2014-02-26 07:49:18.691574","50-2773_2014","Response"
"2014-02-26 09:38:13.938001","15-7027_2014","Response"
"2014-02-26 09:46:25.776604","29-7089_2014","Response"
"2014-02-26 16:04:15.066078","29-7089_2014","Response"
"2014-02-26 17:57:12.269449","29-7089_2014","Response"
"2014-02-26 21:29:30.144957","29-7089_2014","Response"
"2014-02-26 22:12:20.147066","29-7089_2014","Response"
"2014-02-27 00:15:35.495169","29-7089_2014","Response"
"2014-02-27 15:11:28.009673","15-7027_2014","Response"
"2014-02-27 16:28:48.731201","50-2773_2014","Response"
"2014-02-28 13:40:49.736492","78-600_2014","Assigned to analyst"
"2014-03-01 14:18:37.195639","78-600_2014","Response"
"2014-03-02 13:57:20.477343","50-2773_2014","Response"
"2014-03-03 05:02:28.892561","7-9763_2014","Assigned to analyst"
"2014-03-03 06:31:23.606509","7-9763_2014","Response"
"2014-03-03 15:23:28.152984","50-2773_2014","Response"
"2014-03-03 22:11:32.491201","78-600_2014","Response"
"2014-03-04 05:49:16.595655","78-600_2014","Response"
"2014-03-04 12:16:33.754412","58-9255_2014","Close"
"2014-03-04 22:23:07.498543","7-9763_2014","Response"
"2014-03-05 15:01:17.560086","15-7027_2014","Close"
"2014-03-05 16:29:44.985232","7-9763_2014","Response"
"2014-03-05 18:41:49.447643","29-7089_2014","Close"
"2014-03-06 18:49:12.500810","78-600_2014","Response"
"2014-03-07 02:16:57.259850","7-9763_2014","Response"
"2014-03-07 15:32:52.063188","7-9763_2014","Response"
"2014-03-07 19:59:10.817871","50-2773_2014","Response"
"2014-03-08 11:38:44.158031","7-9763_2014","Response"
"2014-03-08 15:06:53.095541","78-600_2014","Response"
"2014-03-08 19:03:33.908245","75-5210_2014","Assigned to analyst"
"2014-03-09 09:09:20.576787","7-9763_2014","Response"
"2014-03-09 10:22:38.845703","7-9763_2014","Response"
"2014-03-09 20:35:30.028073","78-600_2014","Response"
"2014-03-10 05:18:35.811222","7-9763_2014","Response"
"2014-03-10 19:41:07.960549","50-2773_2014","Response"
"2014-03-11 02:29:05.428828","75-5210_2014","Response"
"2014-03-11 06:36:23.595469","75-5210_2014","Response"
"2014-03-11 12:11:37.486906","75-5210_2014","Response"
"2014-03-11 14:19:39.337818","79-5791_2014","Assigned to analyst"
"2014-03-12 12:21:21.453442","50-2773_2014","Response"
"2014-03-13 01:20:21.709652","64-2283_2014","Assigned to analyst"
"2014-03-13 02:13:54.780055","75-5210_2014","Response"
"2014-03-13 02:38:38.491037","64-2283_2014","Response"
"2014-03-13 07:30:33.512548","64-2283_2014","Response"
"2014-03-13 07:34:51.632912","75-5210_2014","Response"
"2014-03-13 08:52:34.584464","64-2283_2014","Response"
"2014-03-13 10:10:06.242244","50-2773_2014","Response"
"2014-03-13 12:35:38.762638","64-2283_2014","Response"
"2014-03-13 16:48:23.251728","64-2283_2014","Response"
"2014-03-13 17:05:04.897363","64-2283_2014","Response"
"2014-03-13 20:00:20.009119","64-2283_2014","Response"
"2014-03-13 22:05:52.523402","64-2283_2014","Response"
"2014-03-13 23:04:06.642247","64-2283_2014","Response"
"2014-03-14 04:20:26.578159","64-2283_2014","Response"
"2014-03-14 09:34:53.012840","64-2283_2014","Response"
"2014-03-14 13:03:14.144083","6-2719_2014","Assigned to analyst"
"2014-03-14 16:20:07.932123","6-2719_2014","Response"
"2014-03-14 17:23:46.337256","75-5210_2014","Response"
"2014-03-15 00:23:02.480075","6-2719_2014","Close"
"2014-03-15 03:00:40.366094","64-2283_2014","Close"
"2014-03-15 10:08:29.819900","79-5791_2014","Response"
"2014-03-16 23:23:46.005758","75-5210_2014","Response"
"2014-03-17 13:29:18.734891","75-5210_2014","Response"
"2014-03-18 03:55:28.262975","75-5210_2014","Response"
"2014-03-20 04:13:40.788736","7-9763_2014","Close"
"2014-03-20 09:21:32.690229","79-5791_2014","Response"
"2014-03-25 10:18:16.126200","22-1783_2014","Close"
"2014-03-25 21:22:41.909149","65-9979_2014","Assigned to analyst"
"2014-03-25 23:46:14.704147","65-9979_2014","Response"
"2014-03-26 02:03:06.982125","65-9979_2014","Response"
"2014-03-26 04:49:27.677673","65-9979_2014","Response"
"2014-03-26 09:01:36.984964","65-9979_2014","Response"
"2014-03-26 11:26:39.557767","65-9979_2014","Response"
"2014-03-26 14:27:31.281184","65-9979_2014","Response"
"2014-03-26 23:17:29.958019","78-600_2014","Close"
"2014-03-27 11:36:11.067679","80-4824_2014","Close"
"2014-03-28 03:44:09.280324","65-9979_2014","Close"
"2014-04-04 12:09:44.738033","75-5210_2014","Close"
"2014-04-06 12:41:54.058677","14-683_2014","Assigned to analyst"
"2014-04-07 08:28:59.441021","14-683_2014","Response"
"2014-04-08 02:08:12.638928","82-2433_2014","Assigned to analyst"
"2014-04-08 03:17:57.419565","82-2433_2014","Response"
"2014-04-08 03:43:12.283138","82-2433_2014","Response"
"2014-04-08 05:13:31.297326","14-683_2014","Response"
"2014-04-08 08:28:28.837152","82-2433_2014","Response"
"2014-04-08 10:47:25.867882","14-683_2014","Response"
"2014-04-08 11:11:46.472495","82-2433_2014","Response"
"2014-04-09 19:41:54.765782","16-7185_2014","Close"
"2014-04-10 18:34:39.273187","14-683_2014","Response"
"2014-04-12 04:20:21.546119","14-683_2014","Response"
"2014-04-13 05:21:47.607924","82-2433_2014","Close"
"2014-04-13 05:34:43.639753","14-683_2014","Response"
"2014-04-13 05:48:13.933856","14-683_2014","Response"
"2014-04-14 02:00:18.158217","14-683_2014","Response"
"2014-04-14 07:27:49.063948","14-683_2014","Response"
"2014-04-15 18:58:10.380560","14-683_2014","Response"
"2014-04-16 19:50:36.183122","28-6500_2014","Assigned to analyst"
"2014-04-16 20:44:49.600373","28-6500_2014","Response"
"2014-04-16 22:23:06.127970","28-6500_2014","Response"
"2014-04-17 01:22:28.112405","28-6500_2014","Response"
"2014-04-17 04:37:59.443213","28-6500_2014","Response"
"2014-04-17 08:31:56.306972","28-6500_2014","Response"
"2014-04-17 11:42:59.467539","28-6500_2014","Response"
"2014-04-17 12:07:53.874384","28-6500_2014","Response"
"2014-04-17 14:57:28.056606","28-6500_2014","Response"
"2014-04-17 16:35:37.933996","28-6500_2014","Response"
"2014-04-17 21:36:20.380991","28-6500_2014","Response"
"2014-04-18 02:43:12.621909","28-6500_2014","Response"
"2014-04-20 16:19:40.109777","28-6500_2014","Close"
"2014-04-22 19:30:06.609835","14-683_2014","Close"
"2014-04-24 22:36:53.018310","66-1821_2014","Assigned to analyst"
"2014-04-25 12:51:17.995684","66-1821_2014","Response"
"2014-04-27 09:47:31.424401","66-1821_2014","Response"
"2014-04-28 18:58:17.886237","79-5791_2014","Close"
"2014-04-29 06:18:09.914126","66-1821_2014","Response"
"2014-04-29 13:47:42.051008","50-2773_2014","Close"
"2014-04-30 04:15:31.774656","66-1821_2014","Response"
"2014-05-01 01:31:13.294803","66-1821_2014","Response"
"2014-05-02 01:41:46.528690","66-1821_2014","Response"
"2014-05-03 09:57:22.480123","66-1821_2014","Response"
"2014-05-04 23:46:58.758992","66-1821_2014","Response"
"2014-05-06 06:33:33.760611","36-1949_2014","Assigned to analyst"
"2014-05-06 09:02:38.355653","36-1949_2014","Response"
"2014-05-06 12:52:33.007806","36-1949_2014","Response"
"2014-05-08 20:48:52.019931","34-3157_2014","Assigned to analyst"
"2014-05-09 07:18:48.910463","34-3157_2014","Response"
"2014-05-10 14:55:28.607345","36-1949_2014","Close"
"2014-05-13 00:34:18.391066","3-7495_2014","Assigned to analyst"
"2014-05-13 07:09:38.867405","66-1821_2014","Close"
"2014-05-14 01:46:36.731290","3-7495_2014","Response"
"2014-05-14 22:25:21.829145","3-7495_2014","Response"
"2014-05-15 09:11:13.781828","3-7495_2014","Response"
"2014-05-15 18:39:50.000293","3-7495_2014","Response"
"2014-05-16 00:58:38.693630","3-7495_2014","Response"
"2014-05-17 09:25:18.253688","3-7495_2014","Response"
"2014-05-18 13:45:27.948539","3-7495_2014","Response"
"2014-05-24 07:24:09.791313","48-7852_2014","Assigned to analyst"
"2014-05-25 02:46:23.187558","76-1022_2014","Assigned to analyst"
"2014-05-26 17:11:47.897395","76-1022_2014","Response"
"2014-05-27 00:35:46.866138","48-7852_2014","Response"
"2014-05-29 05:05:40.261960","76-1022_2014","Response"
"2014-05-29 05:56:19.783506","42-9162_2014","Assigned to analyst"
"2014-05-29 08:25:09.452994","42-9162_2014","Response"
"2014-05-30 12:14:50.589507","53-5544_2014","Assigned to analyst"
"2014-05-30 18:08:07.438886","42-9162_2014","Close"
"2014-05-31 05:18:17.461753","76-1022_2014","Response"
"2014-05-31 10:11:25.735865","39-6293_2014","Assigned to analyst"
"2014-05-31 12:35:11.672338","39-6293_2014","Response"
"2014-05-31 13:30:27.594261","76-1022_2014","Response"
"2014-05-31 18:50:20.465453","76-1022_2014","Response"
"2014-06-01 05:55:50.033273","53-5544_2014","Response"
"2014-06-01 09:20:44.322437","39-6293_2014","Response"
"2014-06-01 18:36:00.040705","76-1022_2014","Response"
"2014-06-01 23:15:56.118044","39-6293_2014","Response"
"2014-06-02 01:36:08.929047","76-1022_2014","Response"
"2014-06-02 14:52:49.909095","53-5544_2014","Response"
"2014-06-03 05:11:46.456607","39-6293_2014","Response"
"2014-06-03 17:33:05.289385","53-5544_2014","Response"
"2014-06-03 21:21:28.395952","53-5544_2014","Response"
"2014-06-05 06:20:46.898791","20-7309_2014","Assigned to analyst"
"2014-06-05 13:07:29.297332","20-7309_2014","Response"
"2014-06-05 14:22:44.349176","34-3157_2014","Close"
"2014-06-07 04:35:43.593167","20-7309_2014","Response"
"2014-06-07 14:32:59.713274","20-7309_2014","Response"
"2014-06-07 22:33:16.674820","53-5544_2014","Response"
"2014-06-09 18:29:40.806752","76-1022_2014","Close"
"2014-06-10 23:08:08.072628","53-5544_2014","Response"
"2014-06-11 05:04:43.186818","53-5544_2014","Response"
"2014-06-11 11:18:08.710150","48-7852_2014","Close"
"2014-06-12 17:27:31.554918","51-8931_2014","Assigned to analyst"
"2014-06-12 21:03:56.455347","44-3873_2014","Assigned to analyst"
"2014-06-12 23:15:02.485631","44-3873_2014","Response"
"2014-06-13 00:23:25.409904","44-3873_2014","Response"
"2014-06-13 01:01:16.950732","44-3873_2014","Response"
"2014-06-13 06:01:19.014192","44-3873_2014","Response"
"2014-06-13 09:41:25.445085","44-3873_2014","Response"
"2014-06-13 15:36:50.885004","44-3873_2014","Response"
"2014-06-13 16:45:15.115698","44-3873_2014","Response"
"2014-06-13 19:05:45.746954","44-3873_2014","Response"
"2014-06-13 23:53:10.014109","44-3873_2014","Response"
"2014-06-14 04:41:26.442225","44-3873_2014","Response"
"2014-06-14 11:34:38.022769","44-3873_2014","Response"
"2014-06-14 13:19:29.418389","51-8931_2014","Response"
"2014-06-17 23:33:10.284314","44-3873_2014","Close"
"2014-06-18 15:06:11.115694","57-6615_2014","Assigned to analyst"
"2014-06-19 05:41:14.993088","57-6615_2014","Response"
"2014-06-19 12:23:51.500081","57-6615_2014","Response"
"2014-06-19 19:24:52.272339","51-8931_2014","Response"
"2014-06-19 20:57:15.645296","3-7495_2014","Close"
"2014-06-20 10:18:01.657016","60-7455_2014","Assigned to analyst"
"2014-06-20 16:48:18.547842","60-7455_2014","Response"
"2014-06-20 17:44:32.318673","60-7455_2014","Response"
"2014-06-20 20:10:59.261358","60-7455_2014","Response"
"2014-06-20 22:19:39.917829","60-7455_2014","Response"
"2014-06-23 19:37:28.849459","51-8931_2014","Response"
"2014-06-24 02:42:37.872767","20-7309_2014","Close"
"2014-06-24 04:27:43.208647","57-6615_2014","Response"
"2014-06-24 10:30:11.263828","67-3643_2014","Assigned to analyst"
"2014-06-24 11:25:08.051496","51-8931_2014","Response"
"2014-06-24 17:47:16.436571","60-7455_2014","Close"
"2014-06-25 02:06:05.688497","27-5004_2014","Assigned to analyst"
"2014-06-25 05:16:36.868575","8-7951_2014","Assigned to analyst"
"2014-06-25 23:36:02.564127","67-3643_2014","Response"
"2014-06-26 12:21:22.599799","39-6293_2014","Close"
"2014-06-26 17:27:21.864714","8-7951_2014","Response"
"2014-06-27 08:28:26.169653","40-2095_2014","Assigned to analyst"
"2014-06-27 11:21:36.739164","40-2095_2014","Response"
"2014-06-27 12:15:29.415147","40-2095_2014","Response"
"2014-06-27 12:31:14.385718","8-7951_2014","Response"
"2014-06-27 12:51:19.498611","51-8931_2014","Response"
"2014-06-27 16:02:56.568877","57-6615_2014","Response"
"2014-06-27 22:26:06.986005","67-3643_2014","Response"
"2014-06-27 23:47:17.827403","8-7951_2014","Response"
"2014-06-28 08:16:45.311604","67-3643_2014","Response"
"2014-06-28 10:20:17.924020","67-3643_2014","Response"
"2014-06-28 20:06:53.752797","51-8931_2014","Response"
"2014-06-28 23:52:58.111260","27-5004_2014","Response"
"2014-06-29 03:00:27.146247","57-6615_2014","Response"
"2014-06-30 00:06:12.269129","8-7951_2014","Response"
"2014-06-30 00:28:02.269004","67-3643_2014","Response"
"2014-06-30 21:31:14.413163","57-6615_2014","Response"
"2014-07-01 07:34:00.211404","8-7951_2014","Response"
"2014-07-01 21:51:35.101147","67-3643_2014","Response"
"2014-07-01 23:30:37.193590","8-7951_2014","Response"
"2014-07-02 07:13:55.805894","67-3643_2014","Response"
"2014-07-02 19:02:39.951954","67-3643_2014","Response"
"2014-07-03 10:39:13.171830","8-7951_2014","Response"
"2014-07-03 10:49:00.780768","89-7507_2014","Assigned to analyst"
"2014-07-03 15:03:15.973716","89-7507_2014","Response"
"2014-07-03 17:33:27.347736","89-7507_2014","Response"
"2014-07-03 18:15:40.801959","57-6615_2014","Response"
"2014-07-03 22:21:34.471596","89-7507_2014","Response"
"2014-07-04 00:06:25.084455","89-7507_2014","Response"
"2014-07-04 00:20:25.769962","89-7507_2014","Response"
"2014-07-04 01:28:30.275505","89-7507_2014","Response"
"2014-07-04 01:55:46.340936","51-8931_2014","Response"
"2014-07-04 06:56:03.171221","40-2095_2014","Close"
"2014-07-04 09:41:55.135747","89-7507_2014","Response"
"2014-07-04 13:17:24.635363","89-7507_2014","Response"
"2014-07-06 16:20:44.576751","57-6615_2014","Response"
"2014-07-09 07:48:41.617020","57-6615_2014","Response"
"2014-07-10 07:54:05.852552","57-6615_2014","Response"
"2014-07-11 22:00:31.995144","57-6615_2014","Response"
"2014-07-14 02:49:46.077493","67-3643_2014","Close"
"2014-07-15 16:56:59.102088","8-7951_2014","Close"
"2014-07-16 14:06:44.291683","89-7507_2014","Close"
"2014-07-25 16:22:17.117163","53-5544_2014","Close"
"2014-07-27 00:01:46.118596","17-9693_2014","Assigned to analyst"
"2014-07-27 10:16:40.683618","38-3754_2014","Assigned to analyst"
"2014-07-27 12:00:47.725687","38-3754_2014","Response"
"2014-07-27 16:25:09.759371","38-3754_2014","Response"
"2014-07-27 18:55:15.546252","38-3754_2014","Response"
"2014-07-27 20:47:52.876108","38-3754_2014","Response"
"2014-07-27 22:19:35.318040","38-3754_2014","Response"
"2014-07-28 00:55:52.146644","38-3754_2014","Response"
"2014-07-28 11:34:50.480210","91-2627_2014","Assigned to analyst"
"2014-07-28 14:39:38.269489","91-2627_2014","Response"
"2014-07-28 18:01:17.728977","91-2627_2014","Response"
"2014-07-28 18:02:02.364441","91-2627_2014","Response"
"2014-07-29 09:55:46.204996","17-9693_2014","Response"
"2014-07-31 20:53:59.120202","51-8931_2014","Close"
"2014-07-31 22:27:29.894038","91-2627_2014","Close"
"2014-08-01 19:38:52.947462","17-9693_2014","Response"
"2014-08-02 10:43:41.190790","17-9693_2014","Response"
"2014-08-02 14:03:03.127659","88-6504_2014","Assigned to analyst"
"2014-08-02 14:39:07.082244","88-6504_2014","Response"
"2014-08-02 15:57:09.623124","88-6504_2014","Response"
"2014-08-02 23:16:32.184709","88-6504_2014","Response"
"2014-08-03 01:00:16.303854","88-6504_2014","Response"
"2014-08-03 02:12:42.286509","88-6504_2014","Response"
"2014-08-03 04:46:10.839761","88-6504_2014","Response"
"2014-08-03 05:35:49.697281","88-6504_2014","Response"
"2014-08-03 07:18:32.117297","88-6504_2014","Response"
"2014-08-03 10:48:19.158584","38-3754_2014","Close"
"2014-08-04 08:21:05.210051","17-9693_2014","Response"
"2014-08-04 21:58:51.777620","17-9693_2014","Response"
"2014-08-05 12:30:28.434466","17-9693_2014","Response"
"2014-08-07 17:54:19.743962","17-9693_2014","Response"
"2014-08-07 23:16:04.171770","26-4213_2014","Assigned to analyst"
"2014-08-08 03:51:57.226695","26-4213_2014","Response"
"2014-08-08 07:17:28.769502","26-4213_2014","Response"
"2014-08-08 11:58:25.070924","35-6027_2014","Assigned to analyst"
"2014-08-09 01:09:32.747220","26-4213_2014","Response"
"2014-08-09 04:18:54.952051","17-9693_2014","Response"
"2014-08-09 05:18:38.978976","35-6027_2014","Response"
"2014-08-09 05:43:43.543738","69-9148_2014","Assigned to analyst"
"2014-08-09 06:02:20.461773","26-4213_2014","Response"
"2014-08-09 09:09:44.707153","69-9148_2014","Response"
"2014-08-09 10:28:51.623098","35-6027_2014","Response"
"2014-08-09 12:42:00.640622","69-9148_2014","Response"
"2014-08-09 16:05:47.843878","69-9148_2014","Response"
"2014-08-09 21:08:47.372952","69-9148_2014","Response"
"2014-08-09 23:33:35.568934","26-4213_2014","Response"
"2014-08-10 02:36:31.323957","88-6504_2014","Close"
"2014-08-10 11:15:45.601696","69-9148_2014","Close"
"2014-08-10 13:31:19.374519","97-207_2014","Assigned to analyst"
"2014-08-10 16:39:47.649814","35-6027_2014","Response"
"2014-08-11 19:15:18.757824","35-6027_2014","Response"
"2014-08-11 19:43:47.946097","26-4213_2014","Response"
"2014-08-12 04:56:55.054907","26-4213_2014","Response"
"2014-08-13 07:42:10.140932","26-4213_2014","Response"
"2014-08-13 09:21:49.356167","97-207_2014","Response"
"2014-08-13 14:45:22.102928","30-1431_2014","Assigned to analyst"
"2014-08-13 15:23:12.725580","30-1431_2014","Response"
"2014-08-13 15:39:45.593451","30-1431_2014","Response"
"2014-08-13 17:22:48.029662","30-1431_2014","Response"
"2014-08-13 17:46:51.914219","35-6027_2014","Response"
"2014-08-13 21:47:30.216963","30-1431_2014","Response"
"2014-08-14 00:30:24.114960","30-1431_2014","Response"
"2014-08-14 00:35:32.935249","35-6027_2014","Response"
"2014-08-14 07:45:33.166614","30-1431_2014","Response"
"2014-08-14 13:06:53.541702","30-1431_2014","Response"
"2014-08-14 17:49:06.860779","30-1431_2014","Response"
"2014-08-14 18:22:49.015983","30-1431_2014","Response"
"2014-08-15 02:22:53.115623","26-4213_2014","Close"
"2014-08-15 04:38:55.853055","30-1431_2014","Close"
"2014-08-15 04:43:36.061954","27-5004_2014","Close"
"2014-08-15 14:15:10.423931","97-207_2014","Response"
"2014-08-15 16:21:10.477012","17-9693_2014","Close"
"2014-08-15 17:29:20.225509","97-207_2014","Response"
"2014-08-15 23:48:59.410330","84-2863_2014","Assigned to analyst"
"2014-08-16 15:39:18.392239","35-6027_2014","Response"
"2014-08-18 05:52:03.050424","84-2863_2014","Response"
"2014-08-19 02:53:49.161894","97-207_2014","Response"
"2014-08-19 13:27:08.607489","33-1993_2014","Assigned to analyst"
"2014-08-21 03:44:05.269277","84-2863_2014","Response"
"2014-08-21 11:10:45.962241","97-207_2014","Response"
"2014-08-21 20:46:13.870539","61-2837_2014","Assigned to analyst"
"2014-08-22 13:51:25.781886","33-1993_2014","Response"
"2014-08-22 23:32:14.057562","84-2863_2014","Response"
"2014-08-23 04:56:02.610419","61-2837_2014","Response"
"2014-08-23 13:52:17.257056","61-2837_2014","Response"
"2014-08-23 14:49:23.045061","61-2837_2014","Response"
"2014-08-24 06:46:02.398152","0-1630_2014","Assigned to analyst"
"2014-08-24 10:51:24.605393","84-2863_2014","Response"
"2014-08-24 15:20:22.021754","0-1630_2014","Response"
"2014-08-24 16:27:07.196235","0-1630_2014","Response"
"2014-08-24 16:59:09.792959","61-2837_2014","Response"
"2014-08-24 18:58:47.127171","0-1630_2014","Response"
"2014-08-24 21:16:50.520945","33-1993_2014","Response"
"2014-08-24 22:46:56.667474","0-1630_2014","Response"
"2014-08-25 02:11:04.390697","0-1630_2014","Response"
"2014-08-25 05:54:49.254748","0-1630_2014","Response"
"2014-08-25 06:56:08.375917","0-1630_2014","Response"
"2014-08-25 09:03:12.823181","84-2863_2014","Response"
"2014-08-25 13:42:03.153467","0-1630_2014","Response"
"2014-08-25 16:52:07.842038","0-1630_2014","Response"
"2014-08-25 17:48:27.606967","0-1630_2014","Response"
"2014-08-26 02:40:37.043523","31-6187_2014","Assigned to analyst"
"2014-08-26 06:53:11.905815","47-3151_2014","Assigned to analyst"
"2014-08-26 09:22:25.199486","47-3151_2014","Response"
"2014-08-26 10:14:50.184609","97-207_2014","Response"
"2014-08-26 12:32:58.211618","31-6187_2014","Response"
"2014-08-26 23:31:00.916261","61-2837_2014","Response"
"2014-08-27 00:28:14.362799","84-2863_2014","Response"
"2014-08-28 05:39:47.519281","23-4015_2014","Assigned to analyst"
"2014-08-28 08:14:27.378036","31-6187_2014","Response"
"2014-08-28 12:22:31.744856","61-2837_2014","Response"
"2014-08-28 14:33:45.227118","35-6027_2014","Close"
"2014-08-28 19:48:12.804333","33-1993_2014","Response"
"2014-08-28 19:53:50.619003","23-4015_2014","Response"
"2014-08-28 22:24:38.818821","61-2837_2014","Response"
"2014-08-29 06:21:53.814222","97-207_2014","Response"
"2014-08-29 20:08:35.072941","1-2861_2014","Assigned to analyst"
"2014-08-29 21:40:52.286639","61-2837_2014","Response"
"2014-08-29 22:01:50.391501","61-2837_2014","Response"
"2014-08-30 11:23:52.863243","23-4015_2014","Response"
"2014-08-31 03:35:28.851760","33-1993_2014","Response"
"2014-08-31 11:23:31.788926","84-2863_2014","Response"
"2014-08-31 14:30:06.347274","31-6187_2014","Response"
"2014-08-31 16:41:54.496044","61-2837_2014","Response"
"2014-08-31 22:26:28.888385","23-4015_2014","Response"
"2014-08-31 23:15:45.109784","31-6187_2014","Response"
"2014-08-31 23:28:28.721853","61-2837_2014","Response"
"2014-09-01 00:02:00.086836","0-1630_2014","Close"
"2014-09-01 11:49:05.434242","84-2863_2014","Response"
"2014-09-02 08:48:00.134096","23-4015_2014","Response"
"2014-09-02 09:07:42.594108","47-3151_2014","Close"
"2014-09-02 09:40:43.867874","31-6187_2014","Response"
"2014-09-02 17:55:56.822017","1-2861_2014","Response"
"2014-09-02 18:05:14.512593","23-4015_2014","Response"
"2014-09-02 19:14:34.919878","33-1993_2014","Response"
"2014-09-04 05:08:05.058373","1-2861_2014","Response"
"2014-09-04 09:27:15.474201","31-6187_2014","Response"
"2014-09-04 12:58:33.954403","31-6187_2014","Response"
"2014-09-05 03:55:21.149296","23-4015_2014","Close"
"2014-09-05 10:44:11.129119","43-761_2014","Assigned to analyst"
"2014-09-05 12:14:56.024873","33-1993_2014","Response"
"2014-09-06 13:27:22.621991","43-761_2014","Response"
"2014-09-06 16:32:09.577220","84-2863_2014","Response"
"2014-09-06 18:28:29.642470","43-761_2014","Response"
"2014-09-07 05:59:32.305653","33-1993_2014","Response"
"2014-09-07 12:35:15.350440","1-2861_2014","Response"
"2014-09-07 18:21:22.584173","57-6615_2014","Close"
"2014-09-08 00:56:15.251818","43-761_2014","Response"
"2014-09-08 23:53:18.190657","43-761_2014","Response"
"2014-09-09 08:05:55.869226","31-6187_2014","Response"
"2014-09-09 12:28:49.532708","1-2861_2014","Response"
"2014-09-09 20:20:20.537478","43-761_2014","Response"
"2014-09-10 03:26:29.786942","94-9504_2014","Assigned to analyst"
"2014-09-12 04:14:03.588439","61-2837_2014","Close"
"2014-09-12 16:58:49.034889","94-9504_2014","Response"
"2014-09-12 22:36:35.033169","1-2861_2014","Response"
"2014-09-13 20:31:38.510843","94-9504_2014","Response"
"2014-09-13 21:30:27.172317","94-9504_2014","Response"
"2014-09-14 09:58:46.977926","94-9504_2014","Response"
"2014-09-14 19:20:39.985450","1-2861_2014","Response"
"2014-09-16 17:36:46.543613","94-9504_2014","Response"
"2014-09-16 22:15:20.548379","94-9504_2014","Response"
"2014-09-17 10:26:03.810512","87-3986_2014","Assigned to analyst"
"2014-09-17 21:43:16.887515","90-9345_2014","Assigned to analyst"
"2014-09-18 15:05:16.868136","87-3986_2014","Response"
"2014-09-18 19:18:30.287581","94-9504_2014","Response"
"2014-09-19 02:33:20.647462","43-761_2014","Close"
"2014-09-19 04:41:52.232603","94-9504_2014","Response"
"2014-09-19 05:33:51.374760","90-9345_2014","Response"
"2014-09-19 12:07:29.012661","55-6095_2014","Assigned to analyst"
"2014-09-19 13:22:40.174015","55-6095_2014","Response"
"2014-09-20 08:43:11.484912","90-9345_2014","Response"
"2014-09-20 12:34:42.510829","94-9504_2014","Response"
"2014-09-20 15:20:17.098615","90-9345_2014","Close"
"2014-09-20 23:43:06.648491","55-6095_2014","Response"
"2014-09-21 12:31:21.064572","94-9504_2014","Response"
"2014-09-21 20:49:37.741590","55-6095_2014","Response"
"2014-09-22 05:33:23.654550","94-9504_2014","Response"
"2014-09-22 08:36:05.648911","31-6187_2014","Close"
"2014-09-22 16:37:12.232300","55-6095_2014","Response"
"2014-09-23 18:04:35.416089","87-3986_2014","Response"
"2014-09-23 21:12:27.443817","55-6095_2014","Response"
"2014-09-24 05:56:03.704615","55-6095_2014","Response"
"2014-09-24 19:57:05.673723","87-3986_2014","Response"
"2014-09-25 03:43:44.620827","55-6095_2014","Response"
"2014-09-25 04:36:35.408384","55-6095_2014","Response"
"2014-09-26 13:03:09.683941","55-6095_2014","Response"
"2014-09-27 06:33:17.330252","1-2861_2014","Close"
"2014-09-28 03:09:29.294076","55-6095_2014","Response"
"2014-09-29 00:40:42.693015","84-2863_2014","Close"
"2014-09-29 00:51:35.959669","87-3986_2014","Response"
"2014-10-02 01:55:03.037882","87-3986_2014","Response"
"2014-10-02 20:46:26.426276","9-3119_2014","Assigned to analyst"
"2014-10-02 21:18:27.449521","9-3119_2014","Response"
"2014-10-03 21:31:11.708640","87-3986_2014","Response"
"2014-10-04 02:11:32.593671","9-3119_2014","Response"
"2014-10-04 07:29:11.925672","9-3119_2014","Response"
"2014-10-05 08:20:21.251388","9-3119_2014","Close"
"2014-10-07 22:59:46.094263","94-9504_2014","Close"
"2014-10-08 14:49:44.803316","19-7808_2014","Assigned to analyst"
"2014-10-09 03:08:45.099618","87-3986_2014","Response"
"2014-10-09 05:17:44.696402","12-7405_2014","Assigned to analyst"
"2014-10-09 09:01:41.921164","12-7405_2014","Response"
"2014-10-09 12:49:03.391428","12-7405_2014","Response"
"2014-10-09 17:51:01.339192","12-7405_2014","Response"
"2014-10-09 18:50:12.313432","12-7405_2014","Response"
"2014-10-10 00:09:08.554181","63-6349_2014","Assigned to analyst"
"2014-10-10 01:30:48.396440","12-7405_2014","Response"
"2014-10-10 03:50:31.641944","19-7808_2014","Response"
"2014-10-10 07:59:15.128918","12-7405_2014","Response"
"2014-10-10 10:32:32.905835","63-6349_2014","Response"
"2014-10-10 10:47:54.343379","19-7808_2014","Response"
"2014-10-10 21:09:18.131413","87-3986_2014","Response"
"2014-10-11 08:29:20.014660","63-6349_2014","Response"
"2014-10-11 10:51:04.397970","19-7808_2014","Response"
"2014-10-12 16:45:14.247527","19-7808_2014","Response"
"2014-10-12 18:57:35.811837","63-6349_2014","Response"
"2014-10-13 12:44:50.976397","55-6095_2014","Close"
"2014-10-13 22:06:35.314668","63-6349_2014","Response"
"2014-10-14 13:03:53.530288","19-7808_2014","Response"
"2014-10-14 19:29:20.363665","19-7808_2014","Response"
"2014-10-15 19:36:08.658174","19-7808_2014","Response"
"2014-10-15 21:45:15.429814","63-6349_2014","Response"
"2014-10-16 09:55:57.041961","12-7405_2014","Close"
"2014-10-16 19:49:28.913182","63-6349_2014","Response"
"2014-10-16 22:05:10.752923","63-6349_2014","Response"
"2014-10-25 13:45:42.127703","19-7808_2014","Close"
"2014-11-01 23:20:11.035518","33-1993_2014","Close"
"2014-11-04 17:43:59.269203","63-6349_2014","Close"
"2014-11-22 17:31:37.094184","87-3986_2014","Close"
"2014-11-23 09:36:17.425790","97-207_2014","Close"
